director_lookup_id,title_id,director_id
61837,tt0053567,nm0633932
67009,tt0057092,nm0025655
68435,tt0057955,nm0491603
73906,tt0061638,nm0122236
74226,tt0061944,nm0223081
74351,tt0062062,nm0187345
101620,tt0081846,nm0920396
101621,tt0081846,nm0654666
101622,tt0081846,nm0540387
101623,tt0081846,nm2277950
101626,tt0081846,nm0447842
101627,tt0081846,nm0920389
111511,tt0088420,nm0044620
113863,tt0089657,nm0298114
133380,tt0102923,nm0602498
141108,tt0108274,nm0221960
144364,tt0109938,nm0557151
145651,tt0111161,nm0001104
146525,tt0111893,nm0938892
146526,tt0111893,nm0806736
148418,tt0112409,nm0591036
149463,tt0113393,nm0277508
150328,tt0114159,nm0591036
154896,tt0117064,nm0241306
155849,tt0117943,nm0342140
165646,tt0125952,nm1150360
181452,tt0140082,nm0406114
185405,tt0143594,nm3229973
194081,tt0151153,nm0012877
199500,tt0156127,nm0054574
235625,tt0185402,nm0906703
235626,tt0185402,nm3844505
235631,tt0185406,nm1015434
236234,tt0185906,nm0291205
236235,tt0185906,nm0004121
236237,tt0185906,nm0518644
236239,tt0185906,nm0500896
236241,tt0185906,nm0638354
236456,tt0186128,nm0633932
236651,tt0186335,nm0633932
237838,tt0187487,nm0279073
238777,tt0188335,nm5484289
241712,tt0191020,nm0825986
245216,tt0194207,nm0056298
250483,tt0198867,nm0302087
266974,tt0212583,nm0841260
267699,tt0213098,nm0772747
270436,tt0215614,nm0134113
271052,tt0216236,nm0625298
279146,tt0223767,nm0131537
279583,tt0224190,nm0525711
281250,tt0225644,nm0642340
281251,tt0225644,nm0804619
292472,tt0235886,nm0118476
296893,tt0239764,nm0690382
297514,tt0240312,nm0379632
299346,tt0241888,nm0418923
305946,tt0247628,nm0482541
306394,tt0248017,nm0443172
308439,tt0249795,nm0714762
316397,tt0257145,nm0222280
318494,tt0259108,nm0082768
322564,tt0262775,nm0802400
324805,tt0264633,nm1667636
324924,tt0264745,nm0711212
332439,tt0271501,nm0825921
333234,tt0272286,nm0953520
334729,tt0273440,nm0263478
336507,tt0275000,nm0923038
342378,tt0280203,nm1007393
344181,tt0281732,nm3771514
344345,tt0281880,nm0333273
345587,tt0283022,nm0787827
349262,tt0286000,nm0994489
352055,tt0288453,nm0122236
353437,tt0289447,nm1012777
353669,tt0289661,nm1016099
354617,tt0290450,nm1031576
355272,tt0291036,nm0759801
355273,tt0291036,nm1037460
357326,tt0292824,nm0265363
359969,tt0294981,nm0564873
363747,tt0298115,nm1069093
364615,tt0298799,nm0088016
364616,tt0298799,nm0813449
364794,tt0298959,nm0390437
366522,tt0300564,nm1078276
367049,tt0300971,nm1080909
367538,tt0301483,nm1032793
369318,tt0303148,nm1093048
369319,tt0303148,nm1088939
371352,tt0304956,nm1009794
373109,tt0306414,nm0152640
373114,tt0306414,nm0003733
373115,tt0306414,nm0887700
373118,tt0306414,nm0899364
373123,tt0306414,nm0376006
373134,tt0306414,nm0444271
373135,tt0306414,nm0922035
373668,tt0306872,nm1119278
373669,tt0306872,nm1007567
373920,tt0307114,nm1118761
373921,tt0307114,nm1119338
375777,tt0308815,nm0852957
378484,tt0311214,nm0509755
379164,tt0311870,nm0582901
381362,tt0313635,nm0392833
383116,tt0315242,nm1160049
384837,tt0316867,nm0246875
385112,tt0317077,nm0586798
385116,tt0317081,nm0586798
385583,tt0317519,nm1170273
388444,tt0319834,nm1182162
388445,tt0319834,nm0994500
388446,tt0319834,nm1181063
388447,tt0319834,nm1181933
389999,tt0320978,nm1189152
390000,tt0320978,nm0000083
391895,tt0322693,nm1176918
392772,tt0323536,nm1197977
393519,tt0324265,nm1049712
393520,tt0324265,nm1194125
393521,tt0324265,nm1194198
393523,tt0324265,nm1195867
393524,tt0324265,nm1195183
393525,tt0324265,nm1049501
393526,tt0324265,nm1194315
393527,tt0324265,nm1193968
393528,tt0324265,nm0128034
394265,tt0324884,nm0084786
401229,tt0331230,nm0905980
401627,tt0331591,nm1242138
403607,tt0333372,nm1250733
403615,tt0333378,nm1252405
403888,tt0333633,nm0676279
405594,tt0335140,nm0622350
406382,tt0335853,nm0263478
406571,tt0336037,nm0775704
406783,tt0336243,nm0777682
406918,tt0336361,nm1729142
407478,tt0336887,nm1061627
407774,tt0337176,nm1080609
408803,tt0338104,nm0509755
409359,tt0338597,nm0302087
412181,tt0341340,nm1279664
412248,tt0341402,nm1278683
413636,tt0342606,nm0390437
418148,tt0346657,nm1300892
418985,tt0347447,nm0814672
421653,tt0349853,nm1309633
421762,tt0349955,nm1309528
424829,tt0352728,nm1319763
425695,tt0353493,nm1314099
426201,tt0353980,nm1322078
427332,tt0354924,nm1326287
427960,tt0355468,nm1336045
428176,tt0355680,nm0798798
430376,tt0357592,nm0759529
431513,tt0358650,nm1342974
432427,tt0359475,nm0611850
432966,tt0359991,nm1260783
433541,tt0360502,nm1342353
437406,tt0363820,nm0013815
438094,tt0364296,nm0582901
441057,tt0366785,nm1375497
442559,tt0368047,nm0181023
444629,tt0369797,nm1818066
444675,tt0369843,nm1029114
444853,tt0370024,nm1388286
449595,tt0374199,nm0612676
450510,tt0374991,nm1252405
451249,tt0375545,nm1138404
451625,tt0375896,nm1196110
452840,tt0376991,nm1425223
453955,tt0377893,nm1319556
455168,tt0379043,nm0482725
460306,tt0383369,nm1527101
460756,tt0383795,nm7684715
460757,tt0383795,nm2291764
460810,tt0383852,nm1474973
466582,tt0388951,nm1502092
469923,tt0391866,nm0525711
470890,tt0392812,nm0609025
473446,tt0395222,nm1322244
474436,tt0396015,nm0590647
475141,tt0396522,nm2811401
475754,tt0397054,nm1547942
481516,tt0401915,nm1440457
481517,tt0401915,nm0891919
484071,tt0404193,nm0246926
484122,tt0404238,nm1195815
486361,tt0406242,nm1231459
487324,tt0407029,nm0509755
490510,tt0409679,nm1632997
492848,tt0411640,nm1626432
496582,tt0414890,nm1651638
502399,tt0420024,nm0536902
503392,tt0420868,nm1680251
503499,tt0420975,nm0926449
506361,tt0423452,nm0582398
510904,tt0427203,nm1435971
511058,tt0427345,nm1751754
514478,tt0430288,nm1182260
514479,tt0430288,nm1748945
515919,tt0431606,nm1760788
516545,tt0432189,nm1760834
518003,tt0433488,nm1009794
522570,tt0437371,nm1802241
523736,tt0438446,nm0707186
524408,tt0439048,nm1322244
525077,tt0439517,nm7111614
527603,tt0441508,nm0473219
527811,tt0441700,nm0640545
527941,tt0441819,nm1847777
528473,tt0442233,nm1356930
529097,tt0442757,nm1828291
533391,tt0446597,nm1833041
538902,tt0451270,nm1847755
538903,tt0451270,nm1847709
541566,tt0453526,nm1889246
542563,tt0454413,nm0468239
544658,tt0456174,nm0494633
546134,tt0457311,nm1870875
546773,tt0457864,nm1589711
550877,tt0461009,nm1923729
551935,tt0461906,nm1946809
554569,tt0464087,nm1723414
554762,tt0464267,nm1821899
557352,tt0466501,nm1963609
560324,tt0469176,nm1971132
564870,tt0473205,nm1992545
567007,tt0475026,nm2015423
567658,tt0475571,nm2014344
569895,tt0477428,nm2030693
570929,tt0478302,nm1907258
571399,tt0478707,nm2029597
571847,tt0479050,nm2032122
575027,tt0481802,nm0644222
576879,tt0483446,nm1271558
577125,tt0483638,nm2060498
577691,tt0484160,nm0558099
577959,tt0484381,nm2067020
578816,tt0485145,nm2085574
579045,tt0485333,nm2078203
579454,tt0485719,nm2077497
579455,tt0485719,nm2083328
581183,tt0486811,nm1887420
581184,tt0486811,nm1884999
581618,tt0487150,nm0451283
583256,tt0488485,nm2097814
585497,tt0490494,nm2123230
586057,tt0490966,nm2096079
586058,tt0490966,nm2099486
586214,tt0491122,nm1825406
587024,tt0491769,nm2050127
591169,tt0495510,nm2123008
593294,tt0497243,nm1160049
593638,tt0497542,nm2119365
862331,tt0758440,nm2119365
869002,tt0764234,nm2148199
869039,tt0764270,nm2151723
870905,tt0765809,nm0279073
877759,tt0772199,nm2179001
883372,tt0777205,nm2201293
886586,tt0780119,nm2201189
887114,tt0780596,nm0333273
898651,tt0791241,nm2227928
903292,tt0795176,nm0288144
905346,tt0796821,nm1308450
905595,tt0797037,nm2257221
908860,tt0800128,nm0513669
913863,tt0804521,nm1052550
915890,tt0806192,nm1990083
921583,tt0810465,nm2280980
923687,tt0812348,nm2286703
926016,tt0814393,nm1282787
926753,tt0815076,nm6784426
928313,tt0816440,nm1984360
929263,tt0817310,nm1803079
929264,tt0817310,nm2297255
931031,tt0818840,nm2064296
931607,tt0819369,nm0082768
932126,tt0819803,nm0187345
932138,tt0819814,nm0246875
933483,tt0821045,nm2309289
937097,tt0824342,nm2317216
939619,tt0826546,nm0994442
940262,tt0827189,nm0940400
941151,tt0827995,nm0382304
942455,tt0829215,nm0246875
942459,tt0829220,nm2334804
944115,tt0830621,nm0122236
947958,tt0834121,nm2336428
956865,tt0842027,nm2310939
962342,tt0846989,nm0208100
962343,tt0846989,nm1347179
963257,tt0847569,nm2367869
966363,tt0850271,nm2372179
967343,tt0851181,nm2296462
979381,tt0861729,nm1802740
995343,tt0876152,nm0181503
996604,tt0877326,nm1866725
1007351,tt0886543,nm0283844
1007513,tt0886682,nm2432095
1010290,tt0889210,nm1232044
1012693,tt0891335,nm2443447
1012694,tt0891335,nm2438012
1026526,tt0903747,nm0186505
1026532,tt0903747,nm0118778
1026536,tt0903747,nm0002835
1026537,tt0903747,nm0806252
1026542,tt0903747,nm0533713
1029604,tt0906578,nm1697744
1037271,tt0913442,nm2119365
1048873,tt0923999,nm1009794
1056996,tt0931229,nm0469827
1058382,tt0932537,nm0951834
1066873,tt0940245,nm1010195
1067302,tt0940646,nm2521547
1072519,tt0944947,nm0787687
1072520,tt0944947,nm0007008
1072521,tt0944947,nm0533713
1072523,tt0944947,nm0002399
1072524,tt0944947,nm0806252
1072525,tt0944947,nm0070474
1072527,tt0944947,nm1047532
1072528,tt0944947,nm1125275
1072529,tt0944947,nm1888967
1072530,tt0944947,nm0887700
1072531,tt0944947,nm0687964
1072532,tt0944947,nm0590889
1072533,tt0944947,nm0851930
1072534,tt0944947,nm0764601
1072535,tt0944947,nm0617042
1072536,tt0944947,nm0336241
1072537,tt0944947,nm0638354
1104036,tt0972573,nm2571449
1105394,tt0973806,nm1633010
1107571,tt0975667,nm2029597
1107679,tt0975753,nm2029597
1108314,tt0976242,nm2575681
1116090,tt0982905,nm3449318
1119912,tt0986258,nm2100806
1124073,tt0989831,nm2513556
1127961,tt0992967,nm2575681
1131090,tt0995737,nm1398515
1131856,tt0996360,nm2607752
1139449,tt1003047,nm2428442
1148250,tt1010011,nm2296585
1155341,tt1016156,nm0048146
1160508,tt1020764,nm2638196
1173469,tt1032896,nm1490952
1180811,tt1039953,nm2671449
1180828,tt1039967,nm2674714
1187554,tt1045843,nm2227009
1192092,tt1050074,nm0586798
1198878,tt1056128,nm2005584
1198879,tt1056128,nm2396890
1200951,tt1058042,nm5016208
1200952,tt1058042,nm1306200
1200953,tt1058042,nm2822142
1200954,tt1058042,nm0589853
1200955,tt1058042,nm2339188
1200956,tt1058042,nm0066067
1200957,tt1058042,nm2776412
1200960,tt1058042,nm2515718
1200961,tt1058042,nm1991037
1200962,tt1058042,nm0280356
1200963,tt1058042,nm1317255
1200964,tt1058042,nm1441508
1200965,tt1058042,nm1602907
1200966,tt1058042,nm2587319
1200967,tt1058042,nm1899934
1200969,tt1058042,nm2463830
1200971,tt1058042,nm1730786
1200972,tt1058042,nm5015869
1200973,tt1058042,nm2761208
1200974,tt1058042,nm1510433
1202880,tt1059785,nm2290618
1214266,tt1069234,nm2726769
1216572,tt1070850,nm2724762
1221486,tt1075083,nm2735740
1236471,tt1087479,nm1747908
1244135,tt1094207,nm2760151
1256506,tt1104702,nm2678281
1261739,tt1109627,nm0994301
1276217,tt1123395,nm2810430
1284451,tt1130771,nm2504633
1292603,tt1138115,nm1747274
1317460,tt1160333,nm0250364
1317504,tt1160375,nm1907258
1322259,tt1164590,nm3059181
1329000,tt1170357,nm2889057
1333039,tt1173912,nm2900564
1347142,tt1186647,nm2925220
1385206,tt1220896,nm2546421
1386313,tt1221843,nm2858676
1388517,tt1223960,nm2120311
1410202,tt1243214,nm3037635
1411201,tt1244170,nm0631540
1420370,tt1252530,nm2935851
1421782,tt1253840,nm1480952
1428579,tt1260358,nm0115879
1430471,tt1262034,nm0187345
1431414,tt1262932,nm2153871
1438198,tt1268968,nm2378118
1438956,tt1269702,nm2288793
1438957,tt1269702,nm2202251
1439461,tt1270089,nm2851664
1443041,tt1273669,nm3095438
1450328,tt1280537,nm2425981
1451978,tt1282038,nm1427758
1452036,tt1282094,nm3110989
1460982,tt1290486,nm0902484
1462154,tt1291509,nm0187345
1462159,tt1291514,nm0187345
1464537,tt1293551,nm2128171
1466196,tt1295089,nm3142603
1466197,tt1295089,nm2668146
1467597,tt1296365,nm0246875
1469173,tt1297839,nm3070750
1469174,tt1297839,nm1461518
1473913,tt1302204,nm1918096
1482899,tt1310607,nm0849723
1484544,tt1312214,nm3172303
1488075,tt1315413,nm3177646
1488676,tt1315969,nm0905980
1492889,tt1319747,nm3176908
1497047,tt1323577,nm0813066
1501699,tt1327834,nm0393869
1503577,tt1329348,nm3208883
1508819,tt1334018,nm2931657
1508902,tt1334109,nm3470039
1513684,tt1338692,nm2628357
1514191,tt1339174,nm3039050
1515733,tt1340609,nm3233225
1519719,tt1344370,nm0090938
1519937,tt1344582,nm1976910
1520166,tt1344801,nm3253003
1520247,tt1344876,nm2470675
1520253,tt1344880,nm3254245
1522726,tt1347117,nm2768146
1522727,tt1347117,nm3259857
1527589,tt1351262,nm0531787
1529359,tt1352787,nm3271985
1530761,tt1353798,nm2771575
1534183,tt1357005,nm3279029
1534204,tt1357026,nm2136316
1534640,tt1357444,nm1734184
1534694,tt1357494,nm3279350
1536272,tt1358954,nm3204631
1539706,tt1362077,nm2769830
1539785,tt1362147,nm3247593
1540102,tt1362436,nm3213354
1540120,tt1362454,nm3276498
1540121,tt1362454,nm3275518
1541890,tt1364158,nm3299354
1543500,tt1365648,nm3299391
1544223,tt1366345,nm3298873
1544621,tt1366686,nm2862844
1544941,tt1366989,nm3245319
1545083,tt1367122,nm3178599
1545084,tt1367122,nm3177457
1545372,tt1367386,nm3279982
1545727,tt1367726,nm1001664
1547956,tt1369730,nm1729053
1548624,tt1370365,nm0973750
1551715,tt1373147,nm0311678
1553435,tt1374848,nm3304396
1553494,tt1374905,nm3300338
1559889,tt1380789,nm1729274
1560476,tt1381288,nm0094468
1560837,tt1381599,nm2897123
1561797,tt1382458,nm3339473
1567007,tt1387298,nm3340678
1568944,tt1389122,nm3350873
1571810,tt1391725,nm3360442
1571978,tt1391884,nm0120947
1572276,tt1392147,nm3361223
1575834,tt1395166,nm0734091
1576468,tt1395733,nm2371220
1577290,tt1396464,nm0466708
1577920,tt1396927,nm7232839
1580158,tt1399000,nm1250536
1584097,tt1402441,nm3382863
1584241,tt1402574,nm0813772
1585600,tt1403863,nm1276394
1590252,tt1408016,nm0802076
1590254,tt1408018,nm0802076
1590618,tt1408362,nm3236042
1594533,tt1411831,nm3016986
1594547,tt1411844,nm3403715
1594582,tt1411878,nm0802076
1595350,tt1412617,nm3401869
1596553,tt1413805,nm8052353
1596615,tt1413865,nm0811462
1596866,tt1414092,nm3407480
1597261,tt1414454,nm3405453
1597332,tt1414520,nm3383364
1597341,tt1414529,nm0025655
1597345,tt1414533,nm0900129
1597346,tt1414534,nm0311678
1597353,tt1414542,nm0025655
1597377,tt1414566,nm3407152
1599765,tt1416711,nm0813772
1602124,tt1418948,nm2336239
1603051,tt1419805,nm3247593
1603155,tt1419897,nm3424719
1605758,tt1422210,nm3412553
1605759,tt1422210,nm0228851
1606438,tt1422817,nm1644475
1608316,tt1424651,nm2611656
1608337,tt1424672,nm1979680
1608567,tt1424852,nm3434880
1608586,tt1424871,nm3433938
1611892,tt1427957,nm1024200
1611947,tt1428009,nm1989419
1612984,tt1429003,nm3432884
1615350,tt1431026,nm1182241
1617698,tt1433236,nm3452132
1629157,tt1443502,nm2267698
1632669,tt1446825,nm2874090
1637031,tt1450742,nm1847637
1637032,tt1450742,nm3480463
1637033,tt1450742,nm4892541
1637034,tt1450742,nm2970885
1637037,tt1450742,nm2787505
1638125,tt1451672,nm3481059
1638136,tt1451680,nm3493303
1639808,tt1453260,nm1435939
1640021,tt1453449,nm1397189
1640022,tt1453449,nm3483353
1640023,tt1453449,nm2087015
1640024,tt1453449,nm1399492
1641786,tt1455048,nm3486768
1641994,tt1455249,nm3487019
1642895,tt1456093,nm3354775
1643744,tt1456846,nm0187345
1644645,tt1457737,nm2526253
1645394,tt1458438,nm3504882
1645707,tt1458722,nm3297975
1645708,tt1458722,nm3273033
1654230,tt1466421,nm3530917
1654265,tt1466456,nm3513328
1655160,tt1467291,nm3513834
1662782,tt1474246,nm3534762
1663459,tt1474826,nm3408618
1663522,tt1474892,nm1798439
1663733,tt1475083,nm3543877
1664263,tt1475570,nm3134986
1669732,tt1480705,nm1943809
1690205,tt1499484,nm3430459
1690874,tt1500103,nm3587203
1691035,tt1500259,nm3587576
1694025,tt1502952,nm3599014
1694878,tt1503789,nm3594799
1695376,tt1504272,nm3262251
1704962,tt1513048,nm3618566
1705689,tt1513708,nm3565089
1708312,tt1516120,nm2817186
1709514,tt1517235,nm0735750
1710154,tt1517688,nm1886961
1714700,tt1521659,nm3227892
1717330,tt1524106,nm1393659
1717331,tt1524106,nm1417777
1724748,tt1531004,nm3654879
1730354,tt1536002,nm3669915
1731743,tt1537316,nm3670495
1733399,tt1538885,nm3672258
1735692,tt1541055,nm3677041
1735733,tt1541098,nm2024044
1736286,tt1541647,nm3509799
1736299,tt1541661,nm2599625
1736527,tt1541858,nm2119997
1736719,tt1542029,nm2980930
1738300,tt1543502,nm3679278
1738724,tt1543915,nm1751989
1741851,tt1546773,nm1764552
1742086,tt1546989,nm3684060
1743151,tt1547966,nm3233262
1750760,tt1555168,nm2788369
1753407,tt1557635,nm3692126
1753408,tt1557635,nm3714211
1753618,tt1557802,nm1542221
1756933,tt1560656,nm3089669
1759434,tt1562887,nm3151686
1760601,tt1564009,nm2968274
1764010,tt1567229,nm0935221
1765174,tt1568302,nm0354270
1772185,tt1574633,nm2601052
1772228,tt1574663,nm3187220
1774017,tt1576397,nm0275439
1780655,tt1582511,nm7037533
1785612,tt1587164,nm0202176
1785620,tt1587172,nm3375198
1785816,tt1587351,nm3769654
1788148,tt1589490,nm2038574
1788784,tt1590067,nm0592471
1789089,tt1590341,nm3585609
1791837,tt1592749,nm2805547
1792930,tt1593772,nm3785077
1799265,tt1599330,nm3801779
1799266,tt1599330,nm3802321
1800049,tt1600054,nm3320778
1803591,tt1603322,nm2887350
1803684,tt1603415,nm3811016
1809523,tt1608577,nm3325426
1821015,tt1619282,nm2283124
1825019,tt1623057,nm3177051
1826511,tt1624430,nm3235413
1827328,tt1625197,nm2010850
1841049,tt1637623,nm3874211
1850512,tt1646171,nm3893778
1851263,tt1646902,nm3791998
1852574,tt1648080,nm3892352
1856843,tt1651929,nm3417394
1857279,tt1652329,nm3679275
1857347,tt1652385,nm3247593
1858501,tt1653073,nm3658430
1859174,tt1653650,nm3184695
1863168,tt1657288,nm3284602
1863192,tt1657313,nm3310926
1868257,tt1661839,nm1848248
1869183,tt1662666,nm2661931
1873713,tt1666616,nm3940324
1874253,tt1667083,nm3529305
1877146,tt1669817,nm2138726
1877569,tt1670231,nm3768255
1877570,tt1670231,nm2575681
1879074,tt1671666,nm2609572
1879075,tt1671666,nm3945645
1881745,tt1674069,nm1319433
1885512,tt1677535,nm3961109
1885528,tt1677547,nm3019034
1885542,tt1677556,nm3864308
1887828,tt1679212,nm3534159
1892884,tt1683885,nm3963959
1894817,tt1685664,nm3914832
1902148,tt1692307,nm1641963
1905588,tt1695331,nm2467575
1909621,tt1699158,nm1626369
1910964,tt1700437,nm4011835
1913054,tt1702417,nm0082768
1914988,tt1704183,nm4013883
1915041,tt1704233,nm4014015
1920916,tt1709709,nm4034844
1920917,tt1709710,nm3486631
1921799,tt1710522,nm4033979
1928968,tt1717211,nm4052991
1932480,tt1720086,nm1160049
1935150,tt1722541,nm0877182
1935716,tt1723064,nm1907676
1936579,tt1723775,nm2343868
1939935,tt1726719,nm2093992
1944795,tt1731019,nm4798252
1944796,tt1731019,nm1697394
1947682,tt1733506,nm4189657
1947754,tt1733573,nm3497518
1951599,tt1737073,nm3678336
1951600,tt1737073,nm3825896
1952287,tt1737761,nm3270768
1953911,tt1739274,nm6287496
1953912,tt1739274,nm2515561
1954748,tt1740038,nm2499927
1960868,tt1745663,nm4126248
1961899,tt1746582,nm4128671
1972737,tt1756771,nm4145736
1980941,tt1764741,nm1721177
1983553,tt1767376,nm2093375
1989712,tt1773530,nm4007480
1989773,tt1773587,nm4171846
1990794,tt1774543,nm4176058
1990881,tt1774628,nm4177322
1992408,tt1776059,nm4179586
1998528,tt1781859,nm1351437
2000220,tt1783289,nm3162304
2001595,tt1784501,nm4189279
2001656,tt1784559,nm4036349
2002544,tt1785391,nm2940676
2002853,tt1785675,nm3910960
2003780,tt1786501,nm1956709
2005037,tt1787668,nm4206398
2007358,tt1789919,nm3274464
2007359,tt1789919,nm3111998
2008951,tt1791487,nm3754378
2009538,tt1792050,nm1789443
2010133,tt1792604,nm3164680
2012218,tt1794803,nm4219443
2016079,tt1798216,nm0750924
2019322,tt1801048,nm2282521
2020165,tt1801836,nm2280657
2021627,tt1803190,nm3972435
2021628,tt1803190,nm4238889
2024009,tt1805301,nm3373558
2026011,tt1806990,nm4506927
2027789,tt1808670,nm4169380
2029698,tt1810518,nm4197654
2036189,tt1816587,nm3893725
2036274,tt1816659,nm2360529
2040296,tt1820424,nm3527706
2040502,tt1820612,nm4272048
2040503,tt1820612,nm1350800
2044433,tt1824169,nm3253295
2048259,tt1827566,nm0277892
2053023,tt1831786,nm4218521
2053935,tt1832431,nm0085985
2054704,tt1833098,nm4300193
2057969,tt1836115,nm2970845
2057970,tt1836115,nm3925307
2058655,tt1836738,nm3672950
2058881,tt1836945,nm4308534
2059544,tt1837554,nm3269916
2059627,tt1837596,nm0098667
2070042,tt1846729,nm3473750
2072186,tt1848812,nm4339587
2072187,tt1848812,nm4340628
2072188,tt1848812,nm4339415
2072230,tt1848853,nm1338138
2072525,tt1849132,nm4339747
2072526,tt1849132,nm2449601
2075746,tt1852071,nm2228888
2075796,tt1852112,nm0482541
2080839,tt1856709,nm4356726
2080887,tt1856758,nm2340677
2082176,tt1857931,nm3556815
2082741,tt1858433,nm3729738
2083853,tt1859483,nm0359194
2089422,tt1864415,nm6130830
2095026,tt1869512,nm1849697
2095281,tt1869743,nm4374310
2097178,tt1871404,nm3848006
2097885,tt1872079,nm4390633
2099492,tt1873616,nm3995375
2100496,tt1874500,nm3269822
2100797,tt1874785,nm4374310
2103716,tt1877578,nm2318271
2103933,tt1877782,nm2130839
2106967,tt1880376,nm4244281
2108782,tt1882076,nm0193142
2111275,tt1884485,nm3486031
2115570,tt1888587,nm2985037
2117554,tt1890483,nm1481151
2117567,tt1890495,nm2323361
2122665,tt1895364,nm4420126
2132578,tt1905063,nm4546237
2133941,tt1906407,nm0723276
2135396,tt1907753,nm0887953
2136130,tt1908465,nm3921548
2147408,tt1918892,nm1680261
2147409,tt1918892,nm3939486
2147425,tt1918907,nm3929860
2151164,tt1922547,nm2440982
2152877,tt1924214,nm2327397
2152943,tt1924274,nm1973479
2152956,tt1924287,nm2862049
2152958,tt1924289,nm1693844
2152959,tt1924289,nm4468330
2155742,tt1926971,nm3803741
2155942,tt1927157,nm4092298
2157039,tt1928181,nm3602914
2158043,tt1929204,nm3647130
2164334,tt1935088,nm3995635
2166794,tt1937150,nm3851589
2167108,tt1937432,nm3638111
2167156,tt1937491,nm4469154
2176789,tt1946283,nm2905397
2178863,tt1948038,nm4484968
2183983,tt1952732,nm4494968
2189556,tt1957884,nm4066698
2196896,tt1964927,nm4509631
2198404,tt1966378,nm4213183
2198637,tt1966589,nm4511442
2199512,tt1967446,nm3886269
2205018,tt1972783,nm4519220
2208437,tt1976005,nm0388071
2210906,tt1978414,nm4528260
2211914,tt1979329,nm4529731
2211915,tt1979329,nm4530862
2215699,tt1982853,nm0191920
2219483,tt1986082,nm4548118
2221841,tt1988200,nm3092424
2227370,tt1993390,nm2651178
2234231,tt1999989,nm4644251
2239745,tt2005379,nm4563859
2242915,tt2008439,nm4649322
2243117,tt2008628,nm3815736
2244249,tt2009461,nm0006646
2244355,tt2009552,nm1489146
2247029,tt2011927,nm2846973
2247205,tt2012091,nm0237707
2279082,tt2042721,nm2006010
2284394,tt2047831,nm3778319
2287307,tt2050596,nm4405858
2290216,tt2053367,nm4494349
2290307,tt2053458,nm2758322
2295337,tt2058125,nm0829037
2295966,tt2058681,nm0305122
2299150,tt2061693,nm4268443
2299265,tt2061801,nm2155274
2303684,tt2065904,nm4437085
2304863,tt2067004,nm2523156
2308806,tt2070746,nm4734912
2308808,tt2070746,nm4694411
2308928,tt2070844,nm3078452
2308929,tt2070844,nm4694467
2311308,tt2073056,nm3079124
2312031,tt2073670,nm4701479
2314683,tt2076145,nm4707203
2314709,tt2076168,nm3619863
2315530,tt2076917,nm4323364
2318279,tt2079519,nm4713420
2321652,tt2082398,nm0581233
2323295,tt2083935,nm4959612
2327318,tt2087741,nm4729055
2332491,tt2092445,nm2029597
2334050,tt2093942,nm2029597
2346030,tt2104976,nm4308143
2347608,tt2106356,nm6228171
2350138,tt2108594,nm4159193
2350692,tt2109154,nm4770087
2353035,tt2111377,nm4771615
2353077,tt2111414,nm2972186
2353777,tt2112108,nm4776072
2354704,tt2113005,nm4299297
2356114,tt2114437,nm3654236
2356115,tt2114437,nm3654744
2361726,tt2120028,nm0792571
2364123,tt2122447,nm3854130
2364942,tt2123262,nm4793363
2366611,tt2124853,nm2973397
2367322,tt2125504,nm3753915
2367372,tt2125550,nm4797032
2367373,tt2125550,nm4797169
2370503,tt2128581,nm4800242
2373581,tt2131456,nm4803877
2375492,tt2133265,nm3313918
2376533,tt2134079,nm4814010
2380068,tt2137514,nm4900297
2380069,tt2137514,nm4860156
2382751,tt2140021,nm4555636
2382780,tt2140051,nm0530376
2384987,tt2141827,nm2410279
2385870,tt2142691,nm3282144
2388874,tt2145570,nm3637034
2391581,tt2148250,nm2118270
2393164,tt2149828,nm4490348
2393444,tt2150127,nm4803900
2393490,tt2150171,nm3226050
2395549,tt2152196,nm3566259
2396630,tt2153238,nm3655754
2397471,tt2154054,nm5057674
2397915,tt2154478,nm3583561
2398296,tt2154802,nm3583561
2398698,tt2155208,nm5053324
2399956,tt2156462,nm0808156
2400371,tt2156889,nm3889018
2402449,tt2158867,nm2921860
2409291,tt2165717,nm0555812
2409395,tt2165887,nm0555812
2409502,tt2166085,nm0555812
2409704,tt2166319,nm0555812
2411501,tt2167913,nm4840257
2412637,tt2169116,nm3269218
2414324,tt2170513,nm2474410
2414486,tt2170667,nm1919905
2415722,tt2171817,nm4260431
2416780,tt2172889,nm4844423
2418500,tt2174718,nm4831365
2425251,tt2181194,nm0129393
2425924,tt2181884,nm5084047
2429507,tt2185521,nm1981414
2434274,tt2190331,nm4860131
2436061,tt2192162,nm5089905
2440019,tt2196234,nm4975839
2442250,tt2198546,nm1957994
2442522,tt2198776,nm4307924
2443028,tt2199312,nm3103120
2443043,tt2199328,nm4989788
2446571,tt2202966,nm2584329
2448392,tt2204840,nm3101037
2450976,tt2207521,nm2014612
2451110,tt2207655,nm3404318
2456384,tt2213014,nm5110327
2457396,tt2213930,nm3655754
2458968,tt2215506,nm3583561
2468567,tt2225260,nm5119030
2474072,tt2230619,nm1857145
2474076,tt2230619,nm2112696
2474077,tt2230619,nm5015869
2474078,tt2230619,nm1780334
2474079,tt2230619,nm3934472
2474083,tt2230619,nm2563756
2474084,tt2230619,nm0699245
2474085,tt2230619,nm8657878
2474086,tt2230619,nm3095690
2474087,tt2230619,nm4894911
2474088,tt2230619,nm1700426
2474089,tt2230619,nm5716631
2474091,tt2230619,nm4847630
2474092,tt2230619,nm6422877
2474093,tt2230619,nm8938943
2474094,tt2230619,nm3468390
2474095,tt2230619,nm2558932
2474097,tt2230619,nm1137766
2474098,tt2230619,nm1269642
2474100,tt2230619,nm0159678
2474101,tt2230619,nm5307399
2474102,tt2230619,nm5016208
2474103,tt2230619,nm4374375
2474104,tt2230619,nm2966574
2474106,tt2230619,nm5400851
2474107,tt2230619,nm6119406
2474113,tt2230619,nm1038431
2474117,tt2230619,nm3439525
2474118,tt2230619,nm2850779
2474119,tt2230619,nm3594544
2474120,tt2230619,nm1317255
2474121,tt2230619,nm2926154
2474122,tt2230619,nm2027297
2474123,tt2230619,nm1628415
2474126,tt2230619,nm5336147
2474127,tt2230619,nm5267009
2474128,tt2230619,nm2328425
2474129,tt2230619,nm2463830
2474131,tt2230619,nm3439881
2474953,tt2231463,nm4440943
2475161,tt2231675,nm4874932
2479259,tt2235580,nm5130487
2479260,tt2235580,nm5129549
2479849,tt2236194,nm4374310
2482382,tt2238764,nm5136706
2483025,tt2239402,nm4435811
2484717,tt2240985,nm3651113
2485044,tt2241317,nm4536423
2486900,tt2243143,nm4901828
2489259,tt2245322,nm2710644
2490539,tt2246594,nm5140702
2492500,tt2248647,nm1580459
2492534,tt2248697,nm2918300
2495897,tt2252078,nm5144605
2500688,tt2256838,nm2423241
2501179,tt2257358,nm1725481
2501910,tt2258130,nm4137876
2502274,tt2258508,nm5150890
2503705,tt2260022,nm4785028
2506008,tt2262313,nm2234749
2506146,tt2262423,nm1646790
2506310,tt2262548,nm4436870
2510416,tt2266867,nm3870552
2511088,tt2267558,nm4803870
2511564,tt2268069,nm2407177
2515118,tt2271587,nm3269822
2516929,tt2273417,nm4926783
2517422,tt2273928,nm4374310
2517700,tt2274210,nm4920410
2521358,tt2277958,nm4206198
2522281,tt2278896,nm5167232
2524464,tt2281137,nm4956107
2524696,tt2281373,nm4438810
2526075,tt2282702,nm1799764
2527983,tt2284842,nm4887521
2530247,tt2287202,nm4177322
2534434,tt2291216,nm4992280
2542091,tt2298501,nm3372047
2542398,tt2298792,nm2716176
2542567,tt2298942,nm5189651
2542892,tt2299280,nm3492609
2544520,tt2300823,nm4948771
2550661,tt2306974,nm5188019
2552698,tt2309018,nm0884716
2553046,tt2309350,nm5188147
2554189,tt2310488,nm1254422
2554771,tt2311094,nm5191238
2557984,tt2314466,nm5042285
2561955,tt2318539,nm4763577
2564250,tt2320790,nm2650056
2567840,tt2324441,nm0302087
2569038,tt2325645,nm1633061
2569693,tt2326400,nm5204049
2569938,tt2326666,nm4173965
2576465,tt2333250,nm3940607
2580741,tt2337752,nm5215864
2580742,tt2337752,nm5216294
2580743,tt2337752,nm5216016
2582387,tt2339504,nm5217976
2596345,tt2353981,nm0854620
2596488,tt2354134,nm4801598
2597229,tt2354831,nm1538677
2597231,tt2354831,nm3133182
2597232,tt2354831,nm1511118
2597673,tt2355310,nm5230431
2599571,tt2357183,nm3583561
2599870,tt2357481,nm3583561
2602932,tt2360466,nm3224646
2603782,tt2361311,nm4226078
2603783,tt2361311,nm4175147
2608009,tt2365606,nm4239901
2616054,tt2373628,nm3942091
2616132,tt2373716,nm0422456
2616152,tt2373738,nm4239901
2620897,tt2378573,nm4937995
2622258,tt2379930,nm4814605
2627620,tt2385239,nm4076625
2632974,tt2390634,nm2078016
2635028,tt2392746,nm5150407
2636085,tt2393835,nm1904854
2637810,tt2395407,nm4308722
2638102,tt2395695,nm0238668
2638168,tt2395754,nm5315067
2639449,tt2397038,nm2336318
2640559,tt2398139,nm3185660
2642051,tt2399640,nm5276289
2642280,tt2399912,nm4698955
2642959,tt2400629,nm2128101
2642960,tt2400629,nm2139164
2642961,tt2400629,nm2140301
2643481,tt2401188,nm5276911
2647111,tt2404663,nm5008597
2647808,tt2406036,nm4622032
2651283,tt2412872,nm5139414
2651628,tt2413632,nm5006455
2652618,tt2415848,nm5291831
2657182,tt2425524,nm5297383
2657966,tt2427150,nm0002976
2659814,tt2430682,nm5303402
2660317,tt2431816,nm3260485
2662227,tt2435818,nm3664631
2663155,tt2437768,nm2410489
2664364,tt2440248,nm2418273
2664570,tt2440718,nm2912530
2666774,tt2445342,nm3309200
2669392,tt2450818,nm5325552
2673079,tt2457312,nm4160764
2673202,tt2457594,nm4680670
2673416,tt2458062,nm3392325
2675459,tt2462656,nm4866816
2678075,tt2468094,nm3277392
2680637,tt2473590,nm4165982
2682239,tt2477118,nm4026736
2683370,tt2479512,nm2432920
2684647,tt2482138,nm2273332
2684879,tt2482696,nm5341793
2690527,tt2494622,nm5389926
2690991,tt2495518,nm3309200
2691132,tt2495880,nm3309200
2692254,tt2498292,nm3414146
2692255,tt2498292,nm5352868
2694299,tt2503232,nm5355036
2695164,tt2505002,nm4974378
2695566,tt2505928,nm2352941
2697167,tt2509704,nm2752161
2697385,tt2510220,nm5360101
2697632,tt2510744,nm5239993
2698323,tt2512474,nm5361659
2703113,tt2523118,nm0162115
2703517,tt2524036,nm2752584
2703955,tt2525016,nm5371176
2705489,tt2528342,nm5409109
2705490,tt2528342,nm5409140
2706668,tt2530812,nm5410934
2712056,tt2542430,nm5382437
2713832,tt2546364,nm5385933
2713904,tt2546510,nm1840652
2714765,tt2548404,nm4185808
2716046,tt2551256,nm5119210
2718030,tt2555796,nm5015682
2720650,tt2561532,nm3378006
2722855,tt2566244,nm4804887
2724583,tt2570120,nm3277392
2725226,tt2571492,nm5993890
2732213,tt2586546,nm4763307
2734668,tt2591648,nm5443370
2743325,tt2609528,nm5447057
2746148,tt2615726,nm2393564
2747819,tt2619258,nm3583561
2752626,tt2629656,nm5465575
2753995,tt2632478,nm5479662
2754557,tt2633916,nm5471077
2765324,tt2657642,nm4833845
2766213,tt2659532,nm3750717
2767998,tt2663558,nm3409741
2772978,tt2674088,nm5417720
2780798,tt2690326,nm4528931
2780933,tt2690662,nm5509486
2781403,tt2691728,nm4387113
2785924,tt2700868,nm5515458
2790867,tt2711842,nm3351479
2796237,tt2723562,nm5534180
2798966,tt2729368,nm5540947
2801949,tt2735770,nm1614558
2802960,tt2737900,nm5546926
2807104,tt2746252,nm5550849
2808117,tt2748168,nm4848526
2809620,tt2751104,nm3135501
2812859,tt2758172,nm1139728
2813905,tt2760492,nm3663573
2816904,tt2767010,nm4862196
2818025,tt2769464,nm4157409
2818026,tt2769464,nm1350798
2818027,tt2769464,nm2035243
2818028,tt2769464,nm0475909
2818091,tt2769592,nm5568994
2819416,tt2772500,nm4239901
2819911,tt2773620,nm1710870
2822909,tt2779632,nm5576311
2825383,tt2785124,nm5540947
2828139,tt2790974,nm3678703
2828202,tt2791132,nm5591496
2828203,tt2791132,nm4816266
2828204,tt2791132,nm5590974
2829989,tt2793286,nm5430426
2830071,tt2793468,nm0231547
2831110,tt2795534,nm4575645
2838951,tt2811494,nm5601451
2840313,tt2814336,nm3894316
2846261,tt2827248,nm5614541
2846989,tt2828882,nm3583561
2853408,tt2842714,nm2106193
2854364,tt2844696,nm3309200
2854376,tt2844726,nm3309200
2855805,tt2847826,nm5627599
2858097,tt2852640,nm5634108
2860318,tt2857498,nm0602968
2860321,tt2857498,nm1570810
2860323,tt2857498,nm4478429
2862151,tt2861424,nm0585086
2862152,tt2861424,nm0688913
2862153,tt2861424,nm1186997
2862154,tt2861424,nm0033741
2862155,tt2861424,nm1776046
2862156,tt2861424,nm0161125
2862157,tt2861424,nm0616742
2866768,tt2871122,nm5643905
2871753,tt2881416,nm5482204
2872953,tt2884072,nm5653533
2874433,tt2887216,nm4560139
2876241,tt2890996,nm5663361
2876728,tt2892014,nm5175406
2877983,tt2894366,nm5665660
2878110,tt2894634,nm1676157
2880507,tt2899460,nm1938104
2889761,tt2920346,nm3767491
2898922,tt2940138,nm3355126
2898923,tt2940138,nm3357373
2900967,tt2944122,nm5509725
2900979,tt2944142,nm5509725
2902290,tt2947036,nm3865151
2904431,tt2951614,nm5706922
2905430,tt2953872,nm5647369
2906196,tt2955528,nm4546040
2910438,tt2964918,nm1558213
2912263,tt2969044,nm5710386
2917401,tt2980184,nm2868426
2917402,tt2980184,nm5727279
2919944,tt2985730,nm5733280
2926343,tt2999748,nm8907281
2930285,tt3008124,nm2016872
2930308,tt3008194,nm5360024
2944191,tt3036810,nm3698365
2952897,tt3055338,nm5106965
2954077,tt3058144,nm3220389
2955121,tt3060476,nm1019554
2956664,tt3064204,nm5810882
2956665,tt3064204,nm5810883
2962492,tt3077070,nm4106247
2962684,tt3077496,nm5826560
2969127,tt3091188,nm4788661
2969778,tt3092500,nm4750338
2971054,tt3095266,nm0915391
2971214,tt3095650,nm5647021
2973592,tt3100628,nm4433908
2975582,tt3104840,nm4609247
2975907,tt3105496,nm0477617
2976549,tt3106804,nm3608423
2977288,tt3108298,nm5862679
2982523,tt3119328,nm2550502
2985082,tt3124836,nm5880955
2987593,tt3129954,nm3630885
2987758,tt3130306,nm0557151
2988735,tt3132510,nm5511880
2991036,tt3137380,nm2016262
2991430,tt3138266,nm2256144
2991678,tt3138748,nm5932561
2994817,tt3145216,nm5902635
2994818,tt3145216,nm4948216
2997400,tt3150356,nm3584749
2998223,tt3152048,nm5327049
3000097,tt3155732,nm5913804
3000098,tt3155732,nm5925852
3001090,tt3157690,nm5916421
3004707,tt3165338,nm2584329
3005968,tt3168200,nm4617913
3008496,tt3173590,nm5932235
3009570,tt3175830,nm5125899
3009719,tt3176144,nm3676269
3011316,tt3179586,nm1237255
3012623,tt3182410,nm3195465
3013228,tt3183786,nm5091548
3018672,tt3195220,nm4422836
3019387,tt3196700,nm0642228
3022113,tt3202526,nm5959212
3022415,tt3203180,nm3531382
3022536,tt3203450,nm4303133
3026893,tt3212740,nm5100530
3029035,tt3216848,nm4010940
3031152,tt3221046,nm5978430
3032399,tt3223620,nm2488331
3032494,tt3223822,nm1516501
3032495,tt3223822,nm1680309
3035402,tt3229520,nm5987460
3035747,tt3230264,nm3583561
3036347,tt3231348,nm5238157
3037678,tt3234138,nm5991704
3037679,tt3234138,nm5991705
3040627,tt3240144,nm0244702
3043648,tt3246354,nm3225166
3044901,tt3248886,nm5447057
3044953,tt3248974,nm6005145
3046496,tt3252186,nm5114775
3053017,tt3265654,nm6008906
3053451,tt3266538,nm6021655
3053998,tt3267706,nm3053570
3055001,tt3269866,nm4323045
3055002,tt3269866,nm4323364
3059889,tt3279498,nm3923806
3060404,tt3280644,nm6034346
3060452,tt3280742,nm3167849
3060829,tt3281516,nm6035659
3061153,tt3282162,nm3167849
3061157,tt3282168,nm3167849
3063138,tt3286400,nm1414190
3068606,tt3297808,nm4929961
3070582,tt3302006,nm5000951
3071366,tt3303686,nm2301249
3072099,tt3305154,nm6059366
3074510,tt3310132,nm4461889
3075287,tt3311764,nm4191614
3075408,tt3312024,nm0585748
3075731,tt3312722,nm5627599
3075807,tt3312890,nm4387113
3075901,tt3313102,nm2731940
3076526,tt3314400,nm6067415
3076939,tt3315204,nm2168434
3084816,tt3331464,nm6067735
3086077,tt3334096,nm3167849
3086905,tt3335892,nm6090924
3093676,tt3348624,nm3992612
3098854,tt3358840,nm6112996
3099608,tt3360316,nm6111878
3099613,tt3360332,nm6111853
3100583,tt3362576,nm5627599
3102982,tt3367314,nm5649031
3104133,tt3369738,nm6121287
3106638,tt3374920,nm5627599
3107473,tt3376620,nm6125952
3108836,tt3379712,nm3861892
3108837,tt3379712,nm0222963
3109350,tt3380840,nm5627599
3111333,tt3385000,nm6133556
3112421,tt3387352,nm5044620
3116843,tt3396500,nm6145278
3117331,tt3397544,nm0051927
3123261,tt3409906,nm6158865
3123262,tt3409906,nm6158863
3123739,tt3410934,nm0173169
3129176,tt3421904,nm3583561
3132258,tt3427942,nm5413835
3132383,tt3428202,nm6151552
3136331,tt3435750,nm0222204
3137129,tt3437448,nm6186789
3142468,tt3448636,nm2338421
3142710,tt3449164,nm6194156
3142892,tt3449544,nm6199411
3142960,tt3449690,nm4128413
3146820,tt3458336,nm1912949
3146917,tt3458542,nm2891540
3148220,tt3461170,nm6211610
3151512,tt3468088,nm6219821
3151792,tt3468714,nm5761996
3152672,tt3470734,nm5152999
3156757,tt3479042,nm0185749
3158859,tt3483654,nm5538332
3159686,tt3485394,nm4497650
3164953,tt3495734,nm4591026
3168274,tt3502022,nm1413989
3170228,tt3506286,nm6260911
3170716,tt3507330,nm0557151
3172271,tt3510574,nm3583561
3173633,tt3513492,nm4845858
3176425,tt3519090,nm4685060
3179747,tt3526060,nm6282850
3179810,tt3526184,nm0284158
3179957,tt3526464,nm4329561
3181191,tt3529026,nm2565687
3181481,tt3529638,nm4428721
3181482,tt3529638,nm4428703
3183070,tt3532960,nm5824707
3183796,tt3534516,nm5360024
3186640,tt3540488,nm6296197
3186909,tt3541032,nm2223147
3188727,tt3544774,nm7169806
3189453,tt3546250,nm6302139
3191875,tt3551334,nm4987860
3192016,tt3551626,nm0601884
3193833,tt3555532,nm4303133
3196504,tt3560826,nm5295557
3196782,tt3561450,nm0557151
3200093,tt3568340,nm3876037
3201523,tt3571336,nm6268139
3201524,tt3571336,nm6268145
3202105,tt3572524,nm6331007
3202197,tt3572718,nm5521805
3202933,tt3574422,nm4794815
3203141,tt3574864,nm6334127
3205706,tt3580532,nm6340486
3206098,tt3581396,nm1121943
3208048,tt3585522,nm3277066
3208256,tt3585940,nm4846374
3209817,tt3589176,nm5107905
3211180,tt3591820,nm6352614
3211254,tt3591992,nm3655754
3212192,tt3593968,nm0557151
3213730,tt3597158,nm0557151
3214232,tt3598128,nm6359725
3214233,tt3598128,nm6359724
3214240,tt3598142,nm3440747
3214654,tt3599000,nm4799960
3214659,tt3599008,nm3568794
3216319,tt3602282,nm6363997
3219671,tt3609486,nm4784937
3220359,tt3610980,nm6372715
3220360,tt3610980,nm6372714
3222183,tt3614776,nm0688893
3222184,tt3614776,nm3412488
3223275,tt3617096,nm5372510
3225528,tt3621628,nm6388734
3226707,tt3624218,nm3256716
3227706,tt3626256,nm2248420
3227930,tt3626718,nm6387954
3228261,tt3627382,nm6388201
3229759,tt3630514,nm1961805
3230048,tt3631144,nm2749708
3231963,tt3634780,nm5343207
3236957,tt3644592,nm6403792
3237768,tt3646286,nm3305110
3238540,tt3647888,nm5280740
3246705,tt3664424,nm2800483
3252871,tt3676726,nm0115879
3252962,tt3676934,nm3655754
3256870,tt3684748,nm4489288
3257142,tt3685304,nm3240279
3257232,tt3685482,nm2256353
3257386,tt3685782,nm0829855
3259410,tt3690048,nm3630762
3260172,tt3691544,nm6453252
3261027,tt3693234,nm2753910
3261722,tt3694398,nm5932235
3264748,tt3700830,nm6463266
3268585,tt3708584,nm5240101
3269962,tt3711184,nm5932235
3270681,tt3712714,nm5009155
3270682,tt3712714,nm6475934
3274835,tt3721240,nm5736930
3274917,tt3721440,nm6485502
3274918,tt3721440,nm6485507
3276227,tt3724004,nm5932235
3278788,tt3729204,nm6219363
3279248,tt3730168,nm5207266
3279413,tt3730536,nm5130253
3281605,tt3735104,nm2728123
3281790,tt3735520,nm1941058
3287452,tt3746204,nm6484261
3287484,tt3746274,nm6484261
3288398,tt3748138,nm6513991
3291399,tt3754054,nm4538633
3292285,tt3755816,nm4319122
3292438,tt3756108,nm5372510
3294801,tt3761196,nm3625207
3295515,tt3762646,nm6529209
3295590,tt3762794,nm5774213
3300512,tt3773190,nm5208028
3300919,tt3773998,nm3069624
3301001,tt3774150,nm6540438
3301892,tt3776034,nm1673243
3302096,tt3776488,nm3658110
3302525,tt3777346,nm2518917
3306925,tt3786544,nm6552496
3307375,tt3787458,nm4938045
3309132,tt3791252,nm6556510
3310081,tt3793262,nm6536628
3310109,tt3793316,nm6536628
3310116,tt3793334,nm6536628
3310123,tt3793348,nm6536628
3310125,tt3793354,nm6536628
3310127,tt3793362,nm6536628
3311415,tt3796020,nm6554077
3311897,tt3797128,nm0212639
3312799,tt3798994,nm6158985
3313875,tt3801246,nm6567478
3319182,tt3811838,nm6577243
3322203,tt3818062,nm5609040
3322204,tt3818062,nm6583125
3324711,tt3822784,nm6587971
3325140,tt3823686,nm4471403
3325661,tt3824752,nm5372510
3326946,tt3827204,nm4222545
3328502,tt3830532,nm4262018
3329721,tt3833020,nm6599086
3330637,tt3834862,nm3975254
3331036,tt3835450,nm2394724
3331878,tt3837152,nm3771438
3332822,tt3838922,nm6605417
3332840,tt3838966,nm6605507
3332967,tt3839242,nm6605961
3336583,tt3846958,nm6499703
3338034,tt3849856,nm6617789
3340571,tt3854460,nm4012812
3350752,tt3874712,nm6634664
3351031,tt3875242,nm6639995
3352051,tt3877364,nm4956882
3352697,tt3878784,nm3086048
3352893,tt3879166,nm6634664
3354108,tt3881714,nm7230516
3354324,tt3882168,nm6646483
3354942,tt3883420,nm0601762
3357021,tt3887088,nm2784953
3357508,tt3888028,nm4099315
3359249,tt3891594,nm2488331
3359297,tt3891696,nm6656762
3360393,tt3893956,nm0049770
3360394,tt3893956,nm2208339
3361846,tt3896708,nm6554377
3363045,tt3899226,nm6664380
3363799,tt3900758,nm6653584
3363809,tt3900794,nm6653584
3363912,tt3901020,nm6653584
3364330,tt3901952,nm5965514
3365324,tt3904056,nm6669097
3367527,tt3908308,nm1219010
3369273,tt3911790,nm2429534
3370503,tt3914210,nm6679266
3372781,tt3919090,nm0014590
3372782,tt3919090,nm2429534
3372791,tt3919104,nm2429534
3372813,tt3919158,nm6029915
3372931,tt3919408,nm2429534
3373611,tt3920824,nm6429811
3374107,tt3921848,nm3703371
3374327,tt3922302,nm5843584
3385933,tt3946528,nm6693200
3387406,tt3949522,nm2463678
3388025,tt3950760,nm6696697
3389848,tt3954346,nm6484261
3389973,tt3954616,nm6701121
3390451,tt3955536,nm6653584
3391713,tt3958000,nm4681044
3396672,tt3968190,nm5967508
3397801,tt3970330,nm5143639
3397979,tt3970680,nm4633621
3397980,tt3970680,nm3053293
3398982,tt3972792,nm6064831
3398983,tt3972792,nm6064832
3399546,tt3973860,nm2429534
3401453,tt3977660,nm0240107
3404290,tt3983374,nm6193551
3405669,tt3986402,nm3195465
3407729,tt3990282,nm6731226
3409350,tt3993670,nm3713707
3409351,tt3993670,nm6734225
3410859,tt3996690,nm5112745
3413683,tt4002314,nm1120881
3415408,tt4005648,nm0374657
3415410,tt4005648,nm5332559
3416204,tt4007276,nm6744893
3418170,tt4011396,nm6748553
3421828,tt4018070,nm3660823
3424596,tt4023566,nm1586248
3429100,tt4032718,nm6484261
3430891,tt4036058,nm6666253
3430972,tt4036210,nm5889104
3432654,tt4039646,nm6679224
3433430,tt4041230,nm6773838
3433431,tt4041230,nm6773835
3434909,tt4044198,nm6168169
3435091,tt4044602,nm6777414
3441671,tt4057146,nm0932304
3443791,tt4061612,nm7104201
3444445,tt4062916,nm2834758
3446623,tt4067486,nm3167849
3448005,tt4070128,nm3583561
3449736,tt4073512,nm6317965
3450502,tt4075146,nm1636802
3450589,tt4075312,nm6806584
3450796,tt4075760,nm2063686
3450797,tt4075760,nm2657832
3450798,tt4075760,nm0016406
3450799,tt4075760,nm6807278
3450984,tt4076150,nm5796192
3453586,tt4081588,nm6813095
3453596,tt4081612,nm6008906
3455757,tt4085660,nm2057819
3465096,tt4104398,nm4000244
3465396,tt4105000,nm6829527
3467242,tt4109034,nm1355433
3467897,tt4110308,nm6834998
3471681,tt4117876,nm1098472
3478466,tt4131686,nm6748553
3479286,tt4133400,nm6484261
3479287,tt4133400,nm6512007
3480111,tt4135138,nm0235196
3480797,tt4136642,nm6858943
3480950,tt4136962,nm4504929
3480951,tt4136962,nm0902001
3481265,tt4137672,nm6860336
3481266,tt4137672,nm6860337
3481450,tt4138070,nm0828250
3481711,tt4138574,nm6860949
3481712,tt4138574,nm6860950
3481713,tt4138574,nm6860951
3485854,tt4147034,nm3951610
3486742,tt4148962,nm4931503
3487886,tt4151304,nm2764740
3489386,tt4154464,nm4573333
3489685,tt4155100,nm1863459
3489917,tt4155602,nm1948237
3489919,tt4155602,nm1105276
3493184,tt4162170,nm4370674
3493469,tt4162734,nm6621526
3493832,tt4163514,nm6856708
3496181,tt4168280,nm6334204
3498031,tt4172120,nm2593416
3498569,tt4173258,nm6891002
3499488,tt4175160,nm6892428
3499497,tt4175172,nm6350015
3503084,tt4182386,nm6848065
3504723,tt4185502,nm5873013
3507226,tt4190666,nm6799091
3507653,tt4191528,nm4193180
3508941,tt4194130,nm0236552
3509761,tt4195804,nm6909794
3510408,tt4197166,nm5873013
3513054,tt4202274,nm6915712
3513055,tt4202274,nm9215103
3514879,tt4205942,nm5492951
3516600,tt4209374,nm6921992
3517319,tt4210846,nm6576982
3519959,tt4215944,nm6927650
3524109,tt4224266,nm0600812
3527245,tt4230782,nm6940131
3529359,tt4236308,nm5436459
3531309,tt4240220,nm3267151
3532235,tt4242116,nm5873013
3532311,tt4242268,nm5873013
3535848,tt4249592,nm7316080
3538754,tt4255596,nm6958170
3539963,tt4258066,nm5531221
3540611,tt4259326,nm1646125
3541234,tt4260692,nm2735378
3541261,tt4260744,nm6844818
3544020,tt4266402,nm4310672
3544021,tt4266402,nm6440346
3554299,tt4287448,nm6984481
3557393,tt4293664,nm6997773
3557486,tt4293844,nm1548476
3558986,tt4296808,nm7001630
3560417,tt4299754,nm1975597
3560543,tt4300026,nm5524702
3562819,tt4304704,nm1889467
3566587,tt4312260,nm7016751
3567430,tt4313970,nm6703918
3567845,tt4314794,nm6799091
3570119,tt4319422,nm1519201
3570418,tt4320030,nm1877566
3571517,tt4321796,nm5647021
3572688,tt4324110,nm6760515
3573972,tt4326666,nm1693986
3576366,tt4331738,nm5436459
3579687,tt4338498,nm1597780
3579688,tt4338498,nm2679306
3579776,tt4338684,nm8972260
3581002,tt4341204,nm5091548
3592556,tt4364802,nm0589504
3597526,tt4375116,nm7067904
3599146,tt4378260,nm8204858
3599147,tt4378260,nm2055189
3601472,tt4382980,nm5432326
3602159,tt4384340,nm7069293
3603057,tt4386138,nm5372510
3603078,tt4386178,nm5372510
3604460,tt4388958,nm2822142
3604670,tt4389396,nm7079958
3604671,tt4389396,nm7079957
3609000,tt4397904,nm7086755
3610957,tt4401950,nm7133809
3610958,tt4401950,nm5584995
3612910,tt4405868,nm2080853
3614573,tt4409276,nm7092219
3617947,tt4415802,nm2926731
3619444,tt4418908,nm3233253
3619751,tt4419500,nm7099455
3621205,tt4422528,nm7099953
3622566,tt4425274,nm3900355
3625100,tt4430528,nm7109599
3625101,tt4430528,nm4023922
3626370,tt4433044,nm7111773
3631880,tt4444346,nm5063098
3632246,tt4445114,nm2263902
3634375,tt4449540,nm4792754
3634376,tt4449540,nm4794044
3634819,tt4450462,nm7124577
3634928,tt4450696,nm6851199
3636006,tt4452766,nm4719243
3639672,tt4460258,nm7133660
3639854,tt4460594,nm7134033
3639865,tt4460618,nm7134054
3639871,tt4460628,nm7134058
3639872,tt4460628,nm7134059
3645167,tt4471398,nm1531914
3645794,tt4472628,nm4519848
3646854,tt4474760,nm5504359
3647853,tt4476824,nm7149281
3648679,tt4478572,nm3655754
3649147,tt4479582,nm7022343
3654425,tt4489876,nm5858545
3654806,tt4490416,nm4462283
3655615,tt4491988,nm7162084
3657846,tt4496464,nm7165354
3659342,tt4499586,nm6354377
3660578,tt4502218,nm8068282
3660579,tt4502218,nm7381443
3660580,tt4502218,nm8176071
3660581,tt4502218,nm8164467
3660584,tt4502218,nm1747873
3660586,tt4502218,nm3876530
3662065,tt4505314,nm7172807
3662791,tt4506806,nm6484261
3662990,tt4507244,nm5372510
3668884,tt4519038,nm7161438
3669313,tt4519842,nm0169938
3671105,tt4523138,nm3643320
3671191,tt4523322,nm7190022
3671566,tt4524090,nm5212261
3674691,tt4530408,nm6576982
3674774,tt4530576,nm4428721
3675870,tt4532844,nm5015682
3679098,tt4539418,nm6337584
3680330,tt4541858,nm1897594
3685801,tt4553506,nm6576823
3687362,tt4556682,nm8334349
3688819,tt4559584,nm7224291
3688987,tt4559906,nm7836298
3688988,tt4559906,nm6606037
3688989,tt4559906,nm0735916
3688990,tt4559906,nm1208260
3688994,tt4559906,nm1179713
3688998,tt4559906,nm4409273
3689166,tt4560270,nm7141742
3689838,tt4561618,nm7226063
3690159,tt4562264,nm6998896
3690227,tt4562400,nm6106336
3691906,tt4565582,nm6963938
3692842,tt4567392,nm7230642
3692919,tt4567550,nm3467114
3696770,tt4575144,nm6234974
3697273,tt4576224,nm3919209
3697291,tt4576262,nm1638805
3697299,tt4576282,nm6878393
3697300,tt4576282,nm6878385
3697606,tt4576884,nm5634108
3698502,tt4578620,nm7240329
3701083,tt4583448,nm7172824
3702733,tt4586744,nm7245375
3702886,tt4587058,nm0247242
3705615,tt4592808,nm7229869
3706586,tt4594658,nm3225285
3708348,tt4598086,nm7256774
3709784,tt4600920,nm7259181
3709785,tt4600920,nm7259182
3709906,tt4601148,nm4024677
3711527,tt4604430,nm7262714
3713133,tt4607706,nm2418273
3716178,tt4613908,nm2294193
3719065,tt4619782,nm7272250
3720707,tt4623014,nm3657147
3721280,tt4624260,nm7276718
3721952,tt4625718,nm7278487
3722246,tt4626362,nm2163208
3722494,tt4626858,nm7279114
3723727,tt4629460,nm7280799
3726024,tt4634448,nm7284721
3726084,tt4634560,nm6143414
3730001,tt4642458,nm0683900
3730401,tt4643336,nm5809886
3733676,tt4650100,nm7295661
3736918,tt4656004,nm7300778
3739061,tt4660572,nm7332850
3741729,tt4666250,nm4403918
3741801,tt4666410,nm7310775
3744400,tt4671866,nm1202346
3744401,tt4671866,nm7315533
3745939,tt4674756,nm7316887
3746610,tt4676090,nm6102951
3746628,tt4676132,nm7097596
3748255,tt4679540,nm7322325
3749629,tt4682308,nm4723445
3749854,tt4682764,nm5163877
3750259,tt4683618,nm6821193
3750744,tt4684624,nm7326285
3750745,tt4684624,nm3683015
3751036,tt4685232,nm6302139
3751388,tt4686010,nm6834981
3752145,tt4687532,nm5481747
3752463,tt4688142,nm4246812
3753963,tt4690968,nm7331530
3754882,tt4692740,nm5035455
3754999,tt4692966,nm7332910
3756470,tt4695846,nm5040806
3756916,tt4696714,nm6646483
3757676,tt4698182,nm2967250
3758128,tt4699060,nm7339734
3759500,tt4701846,nm6797088
3760361,tt4703620,nm7344701
3761391,tt4705642,nm7209721
3762276,tt4707700,nm6302139
3762365,tt4707874,nm4538633
3768776,tt4720710,nm7357626
3769703,tt4722612,nm7359189
3773045,tt4729278,nm5277896
3773823,tt4730872,nm7366221
3775270,tt4733396,nm6032139
3775439,tt4733748,nm6484261
3776990,tt4736532,nm3851413
3780440,tt4743694,nm3392796
3780482,tt4743796,nm6053092
3780857,tt4744566,nm2800483
3784490,tt4755420,nm3418041
3785591,tt4757648,nm7379300
3786054,tt4758574,nm6591331
3786730,tt4759968,nm7380727
3787212,tt4760906,nm7203006
3787715,tt4761964,nm0346623
3788065,tt4762684,nm6394773
3789269,tt4765156,nm7384575
3791411,tt4769538,nm5325937
3793088,tt4772758,nm7317864
3793103,tt4772786,nm7391584
3793841,tt4774130,nm1106767
3795532,tt4777694,nm7395759
3796508,tt4779608,nm1935935
3796967,tt4780544,nm1556948
3801909,tt4788932,nm7240280
3802358,tt4789848,nm5487381
3803956,tt4792980,nm2531747
3805183,tt4795514,nm3745387
3806185,tt4797522,nm4910965
3811089,tt4807712,nm3859431
3812079,tt4809796,nm7418325
3815687,tt4817038,nm2931325
3816298,tt4818316,nm4489250
3816475,tt4818678,nm6025628
3817370,tt4820658,nm7249262
3821825,tt4829522,nm5114715
3825283,tt4836826,nm5825645
3825383,tt4837040,nm6376686
3827055,tt4840798,nm5722198
3827715,tt4842156,nm5161222
3830610,tt4848270,nm7448174
3833076,tt4853524,nm5936758
3835435,tt4858396,nm4950220
3835604,tt4858758,nm7029724
3836385,tt4860470,nm7458505
3841701,tt4870638,nm6655093
3842038,tt4871370,nm1331443
3842192,tt4871716,nm5232812
3843747,tt4874948,nm5932553
3843964,tt4875406,nm6779651
3845833,tt4879100,nm4303133
3847452,tt4882470,nm7217381
3847453,tt4882470,nm6611791
3847454,tt4882470,nm7592581
3847455,tt4882470,nm1962933
3847578,tt4882760,nm0326548
3848200,tt4884066,nm7471808
3849932,tt4887500,nm7463128
3850690,tt4889012,nm4189657
3850730,tt4889094,nm7479248
3853715,tt4895354,nm1889467
3854337,tt4896712,nm2840457
3855732,tt4899508,nm7341598
3855853,tt4899752,nm0344738
3856847,tt4901464,nm7487796
3856848,tt4901464,nm7214005
3857351,tt4902558,nm7488994
3862862,tt4913950,nm7496942
3866712,tt4921806,nm5874001
3867757,tt4923900,nm3095605
3869259,tt4926912,nm7506602
3872999,tt4935148,nm5066064
3876492,tt4942444,nm7519510
3878827,tt4946482,nm5457637
3879434,tt4947506,nm3783573
3880282,tt4949232,nm0803272
3880378,tt4949460,nm7526202
3883691,tt4955600,nm0948355
3884329,tt4956920,nm5372510
3884552,tt4957296,nm7532540
3885362,tt4958732,nm4262947
3886107,tt4959762,nm4594990
3886899,tt4961472,nm7537169
3888046,tt4963814,nm0217616
3888161,tt4964042,nm5509725
3889324,tt4966038,nm6689741
3892597,tt4972442,nm1881313
3892840,tt4972940,nm3578387
3893897,tt4975166,nm2664499
3894311,tt4975978,nm4395407
3894880,tt4977152,nm7550963
3895834,tt4979058,nm7542444
3896977,tt4981394,nm7553935
3896978,tt4981394,nm8107095
3897851,tt4982552,nm1205678
3897878,tt4982612,nm6840102
3898540,tt4983876,nm4263002
3900075,tt4986974,nm2811359
3902129,tt4991146,nm7560394
3902378,tt4991666,nm6484261
3904191,tt4995470,nm5849985
3905450,tt4997884,nm7564525
3906933,tt5000876,nm4803864
3910156,tt5007458,nm2565464
3910953,tt5009066,nm7080380
3913599,tt5014422,nm2880306
3914447,tt5016204,nm5932235
3914458,tt5016230,nm7583770
3914552,tt5016424,nm3418298
3914561,tt5016440,nm7578150
3914702,tt5016672,nm4829793
3916159,tt5019730,nm5568925
3916314,tt5020034,nm0071066
3916443,tt5020334,nm7747528
3916444,tt5020334,nm6929033
3917032,tt5021522,nm2358709
3917479,tt5022390,nm7583005
3920683,tt5028702,nm1176652
3921246,tt5029840,nm7580492
3921479,tt5030324,nm0217616
3924912,tt5037432,nm7317864
3925138,tt5037924,nm7594223
3925200,tt5038054,nm5212261
3925381,tt5038458,nm0028294
3926193,tt5040124,nm3389349
3926244,tt5040224,nm6948185
3926505,tt5040754,nm2274127
3927097,tt5041796,nm0217616
3927370,tt5042230,nm7042263
3928984,tt5045670,nm7615504
3929486,tt5046782,nm7326061
3930358,tt5048676,nm7603142
3930777,tt5049574,nm6470174
3931541,tt5051152,nm3819924
3931556,tt5051184,nm6031229
3931557,tt5051184,nm2193777
3931587,tt5051252,nm1822568
3932711,tt5053546,nm5979293
3935741,tt5059790,nm7611226
3937264,tt5062882,nm6199896
3942196,tt5072804,nm6247579
3942456,tt5073396,nm7987024
3943842,tt5076270,nm5022733
3943843,tt5076270,nm3096245
3951418,tt5091902,nm7550963
3952069,tt5093244,nm2421878
3952147,tt5093408,nm4161850
3957506,tt5103678,nm2244424
3957664,tt5104000,nm7681921
3958711,tt5106096,nm7648066
3958923,tt5106610,nm7648688
3961674,tt5112114,nm2985037
3965034,tt5119202,nm6866095
3965035,tt5119202,nm7657445
3965415,tt5119914,nm7658058
3966553,tt5122222,nm4448548
3967715,tt5124458,nm6187475
3968513,tt5126090,nm5133748
3969121,tt5127408,nm7664576
3969576,tt5128292,nm1265993
3971151,tt5131568,nm1978026
3971152,tt5131568,nm6462003
3971153,tt5131568,nm7675228
3972557,tt5134460,nm6201601
3972853,tt5135076,nm7671928
3973379,tt5136156,nm7673387
3973380,tt5136156,nm7673385
3974791,tt5138948,nm2364510
3975128,tt5139664,nm5018558
3975750,tt5140998,nm7678212
3976468,tt5142378,nm1239991
3977875,tt5145166,nm7682137
3977876,tt5145166,nm5216638
3979918,tt5149268,nm2753191
3981249,tt5152146,nm2527116
3982402,tt5154014,nm7692605
3983846,tt5157072,nm5931043
3983850,tt5157078,nm5290836
3984625,tt5158592,nm5912928
3986354,tt5161786,nm5832270
3987246,tt5163566,nm3111549
3989112,tt5167198,nm7700532
3992200,tt5173442,nm3953794
3993535,tt5176236,nm0413232
3994783,tt5178936,nm7710181
3995961,tt5181348,nm8343812
3997416,tt5184544,nm7003872
3997776,tt5185680,nm2775970
3998853,tt5188000,nm5674301
4000188,tt5190800,nm7720075
4005308,tt5201012,nm7729665
4006762,tt5203746,nm7615373
4007900,tt5206110,nm7734294
4008846,tt5208104,nm5476062
4012085,tt5214706,nm4265836
4012536,tt5215602,nm7675078
4014162,tt5218830,nm3245273
4014307,tt5219102,nm1098369
4015762,tt5221460,nm5066180
4017707,tt5225332,nm6656762
4018209,tt5226374,nm7751370
4018210,tt5226374,nm7751371
4018211,tt5226374,nm7751372
4018250,tt5226456,nm0528011
4018264,tt5226490,nm7751545
4020679,tt5231530,nm7175483
4020680,tt5231530,nm7177570
4020685,tt5231542,nm7141743
4020692,tt5231556,nm7141744
4020693,tt5231556,nm6079071
4020704,tt5231576,nm7178708
4020730,tt5231626,nm7177572
4020731,tt5231626,nm7175510
4023513,tt5237138,nm4079547
4024439,tt5239106,nm7761309
4024699,tt5239680,nm7761866
4025528,tt5241526,nm7763785
4026107,tt5242784,nm7765105
4028655,tt5247734,nm7769454
4030812,tt5252094,nm5817821
4030885,tt5252250,nm5603510
4031057,tt5252614,nm3604173
4033414,tt5257612,nm6647050
4033477,tt5257728,nm7778460
4033779,tt5258388,nm4432410
4034891,tt5260754,nm6872462
4035838,tt5262746,nm4795547
4035839,tt5262746,nm7783620
4036845,tt5264812,nm5459019
4037479,tt5265976,nm7786266
4037480,tt5265976,nm2561949
4038827,tt5268678,nm7502066
4039083,tt5269190,nm7789588
4039406,tt5269856,nm4681372
4040351,tt5271842,nm7755347
4042863,tt5277156,nm1103106
4043822,tt5279202,nm2376721
4044954,tt5281438,nm2430596
4046836,tt5283990,nm7801877
4047020,tt5284370,nm7802127
4048592,tt5287662,nm7804271
4048994,tt5288482,nm7805194
4049011,tt5288516,nm6238512
4049337,tt5289208,nm4310672
4050547,tt5291728,nm5583663
4054661,tt5299842,nm6594870
4055624,tt5301480,nm5853453
4055688,tt5301618,nm6367190
4056365,tt5303036,nm4744011
4062178,tt5314520,nm7842122
4063247,tt5316632,nm7830661
4064570,tt5319298,nm4640988
4064571,tt5319298,nm2713162
4064572,tt5319298,nm2959350
4066539,tt5323258,nm6540223
4068094,tt5326482,nm7835828
4068827,tt5327972,nm4971318
4071293,tt5333146,nm0683431
4071816,tt5334264,nm4843553
4075019,tt5340744,nm7240329
4077134,tt5345126,nm1365382
4079875,tt5350638,nm7859266
4080032,tt5350992,nm1621719
4080370,tt5351750,nm7860121
4081035,tt5353168,nm2941447
4081529,tt5354160,nm2755490
4083693,tt5358664,nm6232119
4083694,tt5358664,nm7869843
4084096,tt5359500,nm5851686
4084365,tt5360052,nm0902667
4084790,tt5360830,nm7868880
4088781,tt5369048,nm7874893
4090240,tt5372112,nm4790081
4090272,tt5372176,nm0003888
4090485,tt5372642,nm5017346
4091201,tt5374124,nm7830661
4091439,tt5374610,nm6030970
4091512,tt5374766,nm7774612
4098079,tt5387766,nm2850112
4099145,tt5389906,nm2171964
4099313,tt5390242,nm4871026
4102842,tt5396810,nm6206024
4114082,tt5421660,nm7890452
4115896,tt5425170,nm6484261
4117856,tt5429032,nm2669994
4119093,tt5431584,nm6644273
4119094,tt5431584,nm6634664
4119495,tt5432312,nm7240329
4126131,tt5445490,nm5009683
4132390,tt5457770,nm5421226
4132391,tt5457770,nm5421509
4133629,tt5460252,nm6645855
4133657,tt5460292,nm4269471
4139176,tt5471544,nm7929295
4141364,tt5476054,nm3527007
4142964,tt5479232,nm7936193
4143470,tt5480272,nm3595393
4144634,tt5482558,nm6484261
4147538,tt5488272,nm1377674
4148439,tt5490110,nm7882203
4149328,tt5491994,nm2357454
4149329,tt5491994,nm3482115
4149330,tt5491994,nm4830788
4149331,tt5491994,nm2139109
4149332,tt5491994,nm1565498
4149333,tt5491994,nm1769336
4150409,tt5494276,nm3852281
4150892,tt5495268,nm7948748
4152430,tt5498362,nm1970178
4152687,tt5498882,nm0837910
4153352,tt5499860,nm7296255
4154757,tt5502388,nm7954745
4154888,tt5502682,nm6051393
4154906,tt5502724,nm7611226
4155698,tt5504522,nm8060170
4155701,tt5504522,nm6303511
4155702,tt5504522,nm1828287
4155703,tt5504522,nm5602877
4155704,tt5504522,nm9273939
4157698,tt5508624,nm7960438
4159276,tt5511876,nm7963590
4159587,tt5512486,nm1490791
4160971,tt5515302,nm5658603
4161607,tt5516610,nm7587707
4161763,tt5516916,nm7077159
4162945,tt5519280,nm7976068
4162946,tt5519280,nm7971066
4163783,tt5520972,nm5861467
4165829,tt5524916,nm7845265
4165830,tt5524916,nm7760513
4166084,tt5525448,nm4291818
4169493,tt5532074,nm7982048
4169672,tt5532388,nm6824670
4170202,tt5533418,nm7983607
4170559,tt5534106,nm6740598
4171096,tt5535236,nm2489839
4172270,tt5537572,nm6196657
4173045,tt5539110,nm7483292
4173583,tt5540164,nm1255704
4173932,tt5540846,nm7805080
4174303,tt5541562,nm6656785
4175418,tt5543734,nm8073621
4175595,tt5544058,nm6845437
4175596,tt5544058,nm6848458
4180668,tt5554392,nm7916431
4180669,tt5554392,nm7916432
4182670,tt5558496,nm3415960
4183707,tt5560594,nm5129134
4184294,tt5561806,nm8005616
4184332,tt5561918,nm5995594
4187112,tt5567610,nm5443050
4188384,tt5569984,nm6462003
4188385,tt5569984,nm7792688
4188386,tt5569984,nm7792689
4189066,tt5571362,nm6503702
4189854,tt5572922,nm7955804
4189975,tt5573174,nm8015683
4192678,tt5578678,nm5829570
4196116,tt5585374,nm5680512
4196117,tt5585374,nm4568101
4198502,tt5590024,nm8030464
4199271,tt5591538,nm8031507
4200669,tt5594412,nm0438340
4206326,tt5605426,nm1970221
4208396,tt5609696,nm6250677
4208426,tt5609768,nm6250677
4208470,tt5609870,nm6250677
4208520,tt5609980,nm6250677
4209428,tt5611898,nm8128432
4209431,tt5611898,nm8064950
4209432,tt5611898,nm3167865
4209433,tt5611898,nm3735000
4209436,tt5611898,nm7392894
4209437,tt5611898,nm3249521
4209438,tt5611898,nm8051985
4209673,tt5612400,nm6250677
4210175,tt5613478,nm6742472
4213601,tt5620534,nm3790494
4213602,tt5620534,nm1684756
4214583,tt5622512,nm8062063
4215083,tt5623430,nm0662259
4215089,tt5623446,nm6492063
4215459,tt5624252,nm2918593
4217441,tt5627956,nm8061210
4219264,tt5631642,nm4457201
4222110,tt5637348,nm5622174
4223972,tt5641246,nm8075419
4225038,tt5643294,nm6399848
4227311,tt5647860,nm4635495
4228937,tt5651188,nm3733226
4229036,tt5651416,nm6122683
4231119,tt5655726,nm4365630
4232418,tt5658450,nm3277392
4234764,tt5663288,nm6388201
4234907,tt5663568,nm8097781
4236033,tt5665728,nm4538633
4236921,tt5667612,nm7857700
4240303,tt5674654,nm7256434
4242781,tt5679564,nm6561394
4243055,tt5680082,nm8120039
4243056,tt5680082,nm6175053
4244168,tt5682286,nm6867697
4244323,tt5682596,nm7698479
4246454,tt5687012,nm8116576
4246863,tt5687836,nm4671636
4248912,tt5692076,nm8121196
4248930,tt5692122,nm1953946
4248932,tt5692124,nm1422242
4249606,tt5693492,nm4371647
4250213,tt5694664,nm8122831
4250214,tt5694664,nm8525411
4250345,tt5694922,nm4351559
4250474,tt5695180,nm8123026
4251314,tt5696718,nm8123624
4252470,tt5698832,nm8124813
4253205,tt5700350,nm6382007
4254302,tt5702608,nm6432608
4254382,tt5702730,nm8128113
4257663,tt5709510,nm8132553
4260600,tt5715672,nm6955492
4261622,tt5717858,nm5488900
4263413,tt5721544,nm6517952
4263537,tt5721762,nm8144141
4264269,tt5723192,nm5605726
4264916,tt5724494,nm8146832
4266057,tt5726916,nm1341839
4267195,tt5729504,nm8123596
4269426,tt5733980,nm8148624
4269772,tt5734670,nm7856156
4269964,tt5735064,nm8154558
4270938,tt5737166,nm8156371
4272335,tt5739966,nm8158462
4272732,tt5740828,nm3219046
4273629,tt5742620,nm8094554
4274921,tt5745320,nm2663235
4275113,tt5745798,nm8163533
4277729,tt5751458,nm8168447
4279207,tt5754316,nm5831422
4280851,tt5757954,nm7226591
4280930,tt5758124,nm8172919
4281306,tt5758982,nm2306227
4282666,tt5761850,nm8175742
4282732,tt5762006,nm7406478
4282733,tt5762006,nm5964899
4282944,tt5762420,nm8128113
4283118,tt5762778,nm8176450
4283299,tt5763154,nm7786338
4284100,tt5764846,nm3732636
4284701,tt5766176,nm8179458
4285619,tt5768218,nm8180986
4285640,tt5768264,nm3257259
4285830,tt5768662,nm8181498
4285838,tt5768678,nm4773826
4286244,tt5769592,nm6158685
4286470,tt5770076,nm6203432
4286473,tt5770076,nm1474210
4286474,tt5770076,nm4427453
4286475,tt5770076,nm7598958
4286476,tt5770076,nm6367537
4286478,tt5770076,nm4443537
4286480,tt5770076,nm4455802
4286481,tt5770076,nm4755127
4287065,tt5771322,nm4471783
4288044,tt5773402,nm6856823
4288592,tt5774534,nm8181498
4289093,tt5775640,nm8187756
4289579,tt5776678,nm8188823
4290770,tt5779240,nm8191398
4290959,tt5779640,nm8068715
4291885,tt5781608,nm7966681
4292842,tt5783558,nm8195164
4295225,tt5788392,nm1985860
4295733,tt5789378,nm7678101
4296717,tt5791314,nm5509725
4297619,tt5793132,nm7907338
4298030,tt5794034,nm7625408
4298424,tt5794854,nm1857563
4298544,tt5795142,nm5945302
4299658,tt5797534,nm5335596
4299761,tt5797764,nm8208096
4299859,tt5797982,nm5451495
4300161,tt5798612,nm6366432
4301154,tt5800572,nm4879466
4302861,tt5804072,nm7444102
4303611,tt5805592,nm5809688
4303612,tt5805592,nm3730457
4303998,tt5806384,nm7722555
4305253,tt5809002,nm2753700
4305760,tt5810080,nm8218152
4306077,tt5810780,nm6551429
4306350,tt5811372,nm4033264
4308292,tt5815516,nm6008906
4308537,tt5815990,nm5938977
4308697,tt5816318,nm7607889
4309667,tt5818284,nm8226723
4309853,tt5818658,nm6908430
4310970,tt5820810,nm1837624
4310971,tt5820810,nm5571639
4311630,tt5822244,nm8230683
4311662,tt5822322,nm2261264
4311746,tt5822490,nm7057661
4312715,tt5824468,nm7774611
4315099,tt5829262,nm6666253
4315976,tt5831110,nm6429800
4316293,tt5831742,nm6725504
4320613,tt5840374,nm3625314
4320842,tt5840874,nm7095692
4320921,tt5841034,nm6165042
4321547,tt5842264,nm5847575
4322331,tt5843852,nm0445517
4323746,tt5846750,nm7088688
4323965,tt5847212,nm8230293
4324137,tt5847536,nm3533863
4327967,tt5855164,nm6503857
4328300,tt5855760,nm7380727
4328367,tt5855902,nm8262207
4329648,tt5858514,nm5139001
4329941,tt5859166,nm8264933
4329942,tt5859166,nm8264932
4330100,tt5859464,nm8265367
4330101,tt5859464,nm8265368
4330760,tt5860470,nm8237059
4332414,tt5863802,nm4839667
4332804,tt5864628,nm8270431
4333208,tt5865494,nm3427995
4333209,tt5865494,nm8256981
4334246,tt5867574,nm8273183
4336113,tt5871402,nm6199896
4336114,tt5871402,nm8277198
4337522,tt5874198,nm8279791
4338604,tt5876304,nm7771456
4339520,tt5878082,nm7112736
4340727,tt5880486,nm2887967
4342012,tt5883200,nm8287834
4342264,tt5883740,nm7252462
4342529,tt5884236,nm8270802
4343807,tt5886710,nm6376686
4343855,tt5886808,nm8290895
4343882,tt5886858,nm3583561
4343958,tt5887030,nm8291119
4344663,tt5888416,nm7063993
4344704,tt5888500,nm4562763
4346574,tt5892128,nm8279835
4347245,tt5893500,nm5394532
4348275,tt5895448,nm6747196
4349580,tt5898010,nm8298373
4351480,tt5901752,nm5779686
4351481,tt5901752,nm7332350
4351482,tt5901752,nm7327224
4351483,tt5901752,nm7327225
4353332,tt5905588,nm2704676
4353916,tt5906770,nm7783989
4354390,tt5907734,nm3416655
4354924,tt5908844,nm5225934
4358385,tt5915452,nm2350132
4358386,tt5915452,nm1258900
4358643,tt5916068,nm7770088
4359751,tt5918336,nm7164183
4360309,tt5919494,nm4262947
4363233,tt5925096,nm8327159
4363234,tt5925096,nm8327160
4364140,tt5926914,nm5075532
4365678,tt5930012,nm2185758
4366501,tt5931676,nm8332519
4366502,tt5931676,nm8332521
4366868,tt5932370,nm1035391
4367513,tt5933692,nm7788905
4368253,tt5935146,nm0595269
4369328,tt5937312,nm4839667
4369665,tt5937980,nm6840102
4374870,tt5948364,nm7059142
4374938,tt5948510,nm8346160
4377567,tt5953836,nm6369270
4379109,tt5957126,nm8354680
4379631,tt5958218,nm8355676
4380608,tt5960278,nm6006463
4382071,tt5963218,nm8359417
4382072,tt5963218,nm8529623
4382414,tt5963908,nm0452022
4382458,tt5964006,nm5849100
4382459,tt5964006,nm8360066
4382460,tt5964006,nm8360068
4382461,tt5964006,nm8362217
4385178,tt5969604,nm1677271
4385179,tt5969604,nm0000083
4385550,tt5970370,nm8365453
4387235,tt5973828,nm3266312
4388244,tt5975986,nm8370964
4388318,tt5976132,nm3266312
4388365,tt5976230,nm3266312
4388899,tt5977294,nm6250894
4388900,tt5977294,nm8371774
4391666,tt5982906,nm8934884
4391667,tt5982906,nm6564321
4392859,tt5985142,nm7540454
4393649,tt5986834,nm8042072
4393677,tt5986896,nm6700373
4395799,tt5991312,nm8381798
4397212,tt5994152,nm8383891
4398940,tt5997724,nm6151155
4400535,tt6000824,nm3367798
4400746,tt6001274,nm6254090
4402110,tt6004042,nm8165486
4402211,tt6004296,nm3972240
4403335,tt6006574,nm8393502
4403336,tt6006574,nm8393505
4405716,tt6011334,nm3235413
4405720,tt6011344,nm8112560
4405722,tt6011344,nm8396334
4406779,tt6013522,nm3943098
4406792,tt6013550,nm8397896
4407214,tt6014396,nm4059429
4407215,tt6014396,nm8398404
4407865,tt6015708,nm8365427
4409288,tt6018204,nm2417104
4409289,tt6018204,nm3429183
4410527,tt6020724,nm8403094
4410898,tt6021476,nm5793780
4411996,tt6023726,nm3585897
4412849,tt6025446,nm6527636
4412850,tt6025446,nm6527637
4414338,tt6028400,nm5191370
4414789,tt6029326,nm8409754
4417669,tt6034730,nm8413316
4418278,tt6035906,nm8274328
4418917,tt6037142,nm3266312
4420110,tt6039672,nm7665273
4420221,tt6039912,nm3266312
4421726,tt6042856,nm5856741
4422015,tt6043444,nm7754788
4422293,tt6044028,nm8270802
4422588,tt6044664,nm0795346
4423769,tt6047138,nm8424011
4424058,tt6047758,nm3266312
4424206,tt6048056,nm3266312
4424262,tt6048156,nm3266312
4424347,tt6048332,nm8168883
4427259,tt6054046,nm8430181
4429345,tt6058226,nm3123304
4430598,tt6060682,nm3679824
4431272,tt6062002,nm8437746
4432594,tt6064568,nm8440307
4432878,tt6065140,nm6008906
4433167,tt6065712,nm5910306
4434731,tt6068788,nm4843553
4435018,tt6069332,nm5325937
4435043,tt6069384,nm4610360
4435247,tt6069810,nm6915712
4435277,tt6069872,nm8444297
4436441,tt6071862,nm5152208
4436759,tt6072500,nm8446708
4438343,tt6075158,nm7576797
4439027,tt6076468,nm4591560
4441435,tt6081240,nm10155544
4441687,tt6081792,nm4239901
4442743,tt6083892,nm8457252
4443830,tt6086180,nm1556091
4443861,tt6086242,nm8159291
4443878,tt6086282,nm8188905
4444026,tt6086580,nm1798656
4444326,tt6087156,nm7554943
4444886,tt6088210,nm4084827
4445466,tt6089480,nm4104152
4446362,tt6091494,nm1120091
4448135,tt6094934,nm6636816
4449084,tt6096930,nm8457038
4449174,tt6097162,nm8469282
4449832,tt6098612,nm2224929
4450242,tt6099516,nm6646483
4451209,tt6101142,nm4538633
4451288,tt6101264,nm8417976
4451365,tt6101420,nm8472984
4454070,tt6106738,nm8477265
4454071,tt6106738,nm1764689
4454267,tt6107154,nm4757432
4454268,tt6107154,nm6566877
4454826,tt6108262,nm1288617
4455152,tt6108974,nm2308589
4455731,tt6110186,nm7783881
4455880,tt6110486,nm6201601
4456211,tt6111144,nm8480826
4456774,tt6112288,nm8481699
4457382,tt6113358,nm8482282
4457531,tt6113686,nm8458683
4457695,tt6114030,nm8483063
4458064,tt6114682,nm5786634
4459678,tt6117798,nm8451354
4459884,tt6118142,nm2145373
4461047,tt6120498,nm3834653
4461048,tt6120498,nm5436595
4462048,tt6122584,nm2556693
4462322,tt6123136,nm6550070
4464128,tt6126660,nm8490944
4464740,tt6127928,nm8491684
4465322,tt6129028,nm3355126
4465323,tt6129028,nm3357373
4465379,tt6129124,nm5014457
4470855,tt6139910,nm8502381
4471158,tt6140566,nm8503104
4472738,tt6143782,nm0119685
4472775,tt6143836,nm6021306
4473427,tt6145170,nm7443957
4473622,tt6145564,nm6312340
4475235,tt6148864,nm4050406
4477073,tt6152632,nm8513224
4478668,tt6155708,nm8515796
4478943,tt6156272,nm5996982
4479422,tt6157168,nm8565724
4479424,tt6157168,nm8516924
4481377,tt6161356,nm8519947
4481733,tt6162088,nm8520159
4481734,tt6162088,nm9739807
4481735,tt6162088,nm1242370
4481819,tt6162266,nm8520373
4484741,tt6168092,nm8525110
4484742,tt6168092,nm8531592
4485772,tt6170204,nm8526742
4486064,tt6170832,nm5611464
4486137,tt6170938,nm8527433
4486345,tt6171352,nm2675983
4488373,tt6175290,nm8530145
4488374,tt6175290,nm8530138
4488375,tt6175290,nm8530143
4488376,tt6175290,nm8530146
4488377,tt6175290,nm8530142
4488378,tt6175290,nm8530144
4490003,tt6178570,nm2786613
4490669,tt6179962,nm8532918
4491594,tt6181812,nm8534212
4492803,tt6184212,nm8536368
4493229,tt6185062,nm3561833
4493811,tt6186228,nm8537953
4493813,tt6186234,nm8261036
4495193,tt6189074,nm6311572
4498092,tt6195076,nm8537905
4501808,tt6202374,nm7781665
4501901,tt6202570,nm4985788
4502694,tt6204118,nm6509902
4506234,tt6211980,nm8556147
4508366,tt6216306,nm5358217
4509834,tt6219312,nm8558526
4510329,tt6220336,nm6041695
4513203,tt6226174,nm0013078
4513348,tt6226458,nm7070547
4514586,tt6229054,nm8569946
4515579,tt6230972,nm1199280
4515802,tt6231398,nm5408738
4516521,tt6232836,nm8572632
4518603,tt6237074,nm9024264
4518604,tt6237074,nm8099446
4518605,tt6237074,nm9765771
4518606,tt6237074,nm8099453
4519268,tt6238282,nm1310150
4519367,tt6238504,nm8576455
4522616,tt6245000,nm5225934
4522856,tt6245482,nm8581729
4523223,tt6246242,nm8582573
4523224,tt6246242,nm7451720
4523300,tt6246396,nm3229009
4523301,tt6246396,nm2778511
4524205,tt6248180,nm3712239
4528178,tt6256112,nm8488252
4528326,tt6256414,nm8581362
4528355,tt6256478,nm3799979
4528592,tt6256944,nm2583928
4528594,tt6256944,nm8589751
4528595,tt6256944,nm8589752
4529202,tt6258178,nm4927005
4530743,tt6260986,nm8593998
4531778,tt6263066,nm8241501
4531779,tt6263066,nm6017593
4531780,tt6263066,nm6521386
4531781,tt6263066,nm2173347
4531782,tt6263066,nm8491430
4531783,tt6263066,nm5954008
4531784,tt6263066,nm8614185
4531785,tt6263066,nm9309842
4531786,tt6263066,nm8595581
4531787,tt6263066,nm4217412
4531788,tt6263066,nm8237780
4531790,tt6263066,nm9307116
4531792,tt6263066,nm10119980
4531794,tt6263066,nm4882264
4533433,tt6266350,nm6762480
4533924,tt6267390,nm7613652
4539345,tt6278226,nm8607821
4539578,tt6278714,nm6212786
4539892,tt6279380,nm4944138
4540081,tt6279772,nm7198938
4540119,tt6279852,nm6499703
4540324,tt6280278,nm5471077
4540468,tt6280570,nm1867666
4540469,tt6280570,nm5280345
4542625,tt6284866,nm8526757
4542681,tt6284980,nm8612741
4543115,tt6285864,nm8154032
4544144,tt6287976,nm7112589
4544145,tt6287976,nm8071164
4544966,tt6289678,nm8209027
4545429,tt6290778,nm8617728
4545440,tt6290800,nm8617752
4545441,tt6290800,nm8617751
4548119,tt6295806,nm5241748
4548794,tt6296938,nm8621762
4548894,tt6297144,nm8621996
4548966,tt6297290,nm8622113
4552693,tt6304478,nm1667629
4553488,tt6306092,nm1155287
4556266,tt6311582,nm3679824
4557814,tt6314648,nm1356337
4558422,tt6315880,nm4998318
4559447,tt6318000,nm6764440
4559487,tt6318078,nm5400168
4560420,tt6319912,nm1227859
4560894,tt6320838,nm7691456
4561529,tt6321972,nm8636352
4562230,tt6323448,nm7641690
4562369,tt6323738,nm8637879
4563126,tt6325188,nm8639037
4563167,tt6325268,nm8639108
4563199,tt6325340,nm5412157
4563530,tt6326004,nm4904268
4566580,tt6331818,nm6214389
4566581,tt6331818,nm6214391
4566958,tt6332614,nm8142904
4568545,tt6335620,nm2988796
4568546,tt6335620,nm2764660
4569491,tt6337544,nm2894475
4571536,tt6341700,nm4944138
4571815,tt6342288,nm8651077
4571956,tt6342548,nm6141523
4574498,tt6347690,nm8654995
4574613,tt6347934,nm6401466
4575331,tt6349434,nm4364192
4576074,tt6350906,nm2759278
4576804,tt6352292,nm2332036
4578004,tt6354704,nm8660900
4578167,tt6355030,nm2031551
4578402,tt6355466,nm2561496
4580362,tt6359544,nm8664499
4581548,tt6362020,nm5286459
4583530,tt6366016,nm8668306
4584337,tt6367484,nm6844323
4584462,tt6367756,nm8622170
4585308,tt6369492,nm1207746
4586273,tt6371392,nm8263632
4586915,tt6372590,nm7812265
4587902,tt6374506,nm8061993
4590186,tt6379180,nm0236358
4590187,tt6379180,nm2427070
4590444,tt6379662,nm2056851
4590445,tt6379662,nm2214591
4592403,tt6383516,nm8680533
4593568,tt6385564,nm5533209
4594508,tt6387420,nm2204617
4597676,tt6393682,nm8688428
4598064,tt6394430,nm0302087
4599870,tt6398128,nm7424775
4602856,tt6403754,nm7221438
4603775,tt6405710,nm6703918
4605499,tt6409140,nm1161539
4607407,tt6412856,nm2395205
4607484,tt6413026,nm8318565
4609405,tt6416770,nm7273530
4612770,tt6423796,nm8708374
4613288,tt6424870,nm8709062
4614456,tt6427168,nm7613652
4614610,tt6427468,nm8375641
4615133,tt6428262,nm8709631
4615440,tt6428878,nm8458683
4615986,tt6429986,nm6875502
4616014,tt6430036,nm5321901
4616535,tt6431108,nm7095692
4617184,tt6432410,nm2988796
4617438,tt6432868,nm2810506
4618113,tt6434140,nm8716248
4622605,tt6443098,nm8678046
4623525,tt6445118,nm0305756
4623526,tt6445118,nm8652775
4624590,tt6447202,nm1469611
4626250,tt6450778,nm7650554
4626486,tt6451238,nm7131635
4629491,tt6456546,nm6576029
4630253,tt6458196,nm8459596
4630313,tt6458286,nm4980768
4630751,tt6459026,nm8007267
4630889,tt6459292,nm6045153
4630890,tt6459292,nm8730699
4631252,tt6459920,nm8048660
4632680,tt6462566,nm8733285
4632893,tt6462936,nm8733574
4633864,tt6464990,nm5991467
4633865,tt6464990,nm4232225
4634309,tt6465858,nm8735698
4635314,tt6467770,nm4413166
4635495,tt6468112,nm2066219
4635721,tt6468556,nm8737972
4635722,tt6468556,nm5409920
4636553,tt6470160,nm8053675
4636726,tt6470482,nm8739793
4637309,tt6471626,nm5178471
4642945,tt6482138,nm8742807
4643532,tt6483268,nm7428744
4647381,tt6490624,nm7440998
4648613,tt6492932,nm8753197
4648899,tt6493566,nm8753557
4653717,tt6502456,nm1024094
4656241,tt6507142,nm8762439
4656649,tt6507848,nm7327224
4657219,tt6508798,nm8270802
4657882,tt6510218,nm8765272
4658483,tt6511282,nm8415718
4659135,tt6512446,nm4504760
4659230,tt6512646,nm3279982
4659539,tt6513300,nm8767294
4664282,tt6522414,nm6916805
4664960,tt6523756,nm8751142
4665609,tt6525178,nm8775799
4667059,tt6527828,nm8777438
4668015,tt6529530,nm5248688
4670500,tt6534118,nm8781892
4670966,tt6535076,nm3651528
4673318,tt6539338,nm8699098
4673389,tt6539472,nm8785764
4673418,tt6539524,nm8785847
4673768,tt6540188,nm1199280
4674051,tt6540782,nm6364335
4674274,tt6541290,nm8786924
4675322,tt6543268,nm7908707
4675378,tt6543388,nm8774104
4676302,tt6545236,nm8135721
4676320,tt6545270,nm8135721
4678900,tt6549824,nm2058899
4680219,tt6552346,nm8794368
4682902,tt6557232,nm8776467
4683803,tt6558976,nm4219868
4685881,tt6562808,nm8801442
4687512,tt6566104,nm6778000
4690262,tt6570984,nm1881313
4690931,tt6572396,nm8806663
4691784,tt6574032,nm3555993
4695824,tt6581604,nm7634943
4696834,tt6583522,nm8218152
4702544,tt6594312,nm8818507
4702545,tt6594312,nm8818506
4707371,tt6603696,nm8822881
4707454,tt6603848,nm8822881
4709254,tt6607184,nm6201601
4709428,tt6607560,nm7664407
4709449,tt6607600,nm8825205
4709783,tt6608260,nm3334627
4710384,tt6609250,nm0379303
4711460,tt6610878,nm8505017
4713412,tt6614936,nm4132069
4714261,tt6616640,nm8830750
4714262,tt6616640,nm8797049
4714263,tt6616640,nm8830749
4715622,tt6618948,nm6615318
4715623,tt6618948,nm8832141
4720905,tt6628466,nm2084183
4723156,tt6633048,nm8839415
4723849,tt6634418,nm2166599
4724015,tt6634730,nm8840535
4724973,tt6636510,nm8841126
4727247,tt6640462,nm8238945
4727557,tt6640958,nm8546627
4727558,tt6640958,nm9082825
4727862,tt6641552,nm4311356
4730136,tt6645460,nm8846866
4731876,tt6648714,nm8270802
4734144,tt6653060,nm4917849
4736530,tt6657642,nm3332802
4736769,tt6658038,nm4409857
4737470,tt6659332,nm8850469
4737580,tt6659564,nm8863590
4738445,tt6661318,nm8855633
4739301,tt6662956,nm8856518
4741178,tt6666446,nm0388071
4742662,tt6669146,nm4538633
4743049,tt6669810,nm4407156
4746391,tt6676226,nm8491673
4746412,tt6676270,nm8863862
4749162,tt6681354,nm6876195
4750261,tt6683310,nm8722484
4750495,tt6683760,nm1510115
4751863,tt6686492,nm8863860
4753131,tt6688844,nm5539439
4754163,tt6690996,nm1817799
4755400,tt6693242,nm5967536
4760898,tt6702944,nm8099435
4762146,tt6705288,nm8881085
4762726,tt6706454,nm8881956
4764008,tt6709028,nm8345921
4765307,tt6711336,nm6843061
4770097,tt6719810,nm8158082
4770098,tt6719810,nm8517859
4770891,tt6721374,nm7141742
4772146,tt6723478,nm3895751
4772438,tt6724040,nm6453796
4774964,tt6728502,nm3828271
4776539,tt6731158,nm7112599
4777687,tt6733404,nm8890912
4778345,tt6734532,nm8441966
4779296,tt6736294,nm5495591
4779340,tt6736390,nm8898011
4782016,tt6741574,nm8901049
4782017,tt6741574,nm8901057
4788338,tt6754546,nm8908876
4789637,tt6757710,nm8908689
4790429,tt6759694,nm8841126
4791696,tt6762362,nm5168264
4791715,tt6762394,nm7824003
4793797,tt6766746,nm7824003
4794235,tt6767852,nm3265218
4794824,tt6769112,nm8916960
4795656,tt6770810,nm7824003
4796392,tt6772640,nm4586881
4797052,tt6773924,nm6655093
4797137,tt6774100,nm4738257
4797138,tt6774100,nm8920058
4797960,tt6775782,nm8841126
4800095,tt6780706,nm8923215
4803195,tt6786900,nm8926017
4803670,tt6788188,nm5873274
4807004,tt6795280,nm1035391
4809647,tt6800628,nm3003402
4810425,tt6802068,nm3064301
4810426,tt6802068,nm4469021
4811055,tt6803374,nm4368334
4811239,tt6803726,nm4039356
4812273,tt6805846,nm8938261
4813234,tt6807686,nm8939513
4813285,tt6807806,nm1312094
4813502,tt6808276,nm8939914
4814393,tt6810050,nm4328823
4814525,tt6810306,nm8941059
4817173,tt6815434,nm7632580
4817174,tt6815434,nm6040978
4818484,tt6818096,nm2637232
4818989,tt6819138,nm3266312
4819111,tt6819324,nm8946847
4820219,tt6821374,nm5727306
4820349,tt6821624,nm8850110
4820803,tt6822552,nm1251986
4821724,tt6824050,nm4479660
4826111,tt6832400,nm8822881
4826314,tt6832784,nm8955074
4826376,tt6832910,nm8816804
4827685,tt6835462,nm8956672
4829913,tt6839768,nm8959183
4830485,tt6840884,nm7828144
4830494,tt6840904,nm6286952
4830668,tt6841252,nm8960399
4830904,tt6841694,nm8960637
4830905,tt6841694,nm8960638
4831152,tt6842026,nm8960895
4831397,tt6842524,nm8145653
4831398,tt6842524,nm8961211
4831399,tt6842524,nm8961212
4831471,tt6842676,nm6872167
4831561,tt6842862,nm1881313
4831940,tt6843624,nm5374856
4833126,tt6846006,nm7928271
4834086,tt6847968,nm1628233
4834087,tt6847968,nm5869204
4834537,tt6848904,nm8415718
4835122,tt6849882,nm1046102
4836675,tt6852934,nm8969158
4838387,tt6856218,nm8971411
4838747,tt6856936,nm8971957
4839843,tt6859228,nm7155068
4842361,tt6864090,nm1595355
4842471,tt6864308,nm8975600
4842612,tt6864570,nm1728163
4842613,tt6864570,nm1728958
4845399,tt6869898,nm0739338
4846656,tt6872562,nm7527030
4847139,tt6873298,nm8982334
4847257,tt6873552,nm6954866
4847816,tt6874622,nm7696792
4849280,tt6877554,nm6813990
4849378,tt6877796,nm3924271
4851000,tt6880926,nm3692739
4854006,tt6886824,nm7468248
4854187,tt6887192,nm8991458
4856707,tt6892028,nm8994582
4857378,tt6893250,nm8444843
4859268,tt6896800,nm8997122
4859269,tt6896800,nm8997123
4862013,tt6902134,nm8785847
4862036,tt6902226,nm9000065
4862515,tt6903184,nm8742772
4864520,tt6907248,nm9003689
4865787,tt6909614,nm4322688
4870430,tt6917852,nm9009843
4870820,tt6918652,nm9010287
4870850,tt6918714,nm7712003
4874373,tt6924580,nm9014316
4875061,tt6925604,nm9012254
4875975,tt6927032,nm1908841
4877475,tt6929802,nm9012254
4877629,tt6930104,nm6567368
4885032,tt6943256,nm3269822
4886046,tt6944790,nm9015266
4886108,tt6944844,nm9015266
4886554,tt6945620,nm9024591
4887407,tt6947248,nm9025695
4887479,tt6947390,nm4239901
4887632,tt6947692,nm9026023
4889053,tt6949586,nm2550502
4889416,tt6950316,nm3017782
4889553,tt6950590,nm9010287
4895083,tt6960192,nm9010287
4896341,tt6962080,nm9034695
4896590,tt6962586,nm6043564
4897546,tt6964570,nm9036641
4897687,tt6964846,nm6475335
4898775,tt6966164,nm0750136
4899087,tt6966836,nm9037827
4902768,tt6973072,nm7744632
4903503,tt6974652,nm4111848
4904932,tt6976970,nm9044160
4904933,tt6976970,nm9044159
4906890,tt6980696,nm4988347
4907347,tt6981340,nm9045979
4907348,tt6981340,nm2996771
4907995,tt6982254,nm9046288
4914129,tt6992252,nm9010287
4916839,tt6996952,nm9053859
4917072,tt6997388,nm7856339
4918444,tt6999698,nm9055909
4918445,tt6999698,nm9055924
4919444,tt7001192,nm6522481
4922934,tt7007162,nm9059310
4926946,tt7014238,nm9063583
4929246,tt7018306,nm8156490
4931299,tt7021650,nm7463128
4931300,tt7021650,nm3841420
4931301,tt7021650,nm9067730
4932170,tt7023400,nm9068771
4934490,tt7027134,nm7348388
4938576,tt7033648,nm9074865
4939829,tt7036026,nm9069697
4941477,tt7038082,nm9077348
4941478,tt7038082,nm9077346
4941479,tt7038082,nm9077347
4942491,tt7040150,nm5605726
4943880,tt7042488,nm6032712
4944534,tt7043460,nm6003777
4947709,tt7049294,nm6032712
4948801,tt7051562,nm0857061
4949351,tt7052626,nm9083803
4950930,tt7054350,nm8000253
4956973,tt7065758,nm9090961
4957647,tt7067028,nm2547306
4958662,tt7068462,nm2395205
4962616,tt7075818,nm3681364
4964134,tt7078506,nm9097991
4964190,tt7078616,nm9098076
4964191,tt7078616,nm9098077
4965764,tt7081600,nm9083163
4966658,tt7083112,nm4984657
4967578,tt7085000,nm9101176
4968525,tt7086600,nm4971200
4968694,tt7086954,nm8792062
4969080,tt7087722,nm9102761
4969510,tt7088534,nm8813886
4971299,tt7091644,nm8116457
4973719,tt7095178,nm4684778
4974436,tt7096398,nm7896338
4980790,tt7107048,nm8787781
4982041,tt7109482,nm9113635
4983383,tt7111562,nm9114549
4986177,tt7116458,nm9117029
4988481,tt7120582,nm5561175
4988505,tt7120634,nm1510695
4989658,tt7122400,nm9396867
4989660,tt7122400,nm1802895
4989994,tt7123024,nm5602484
4990679,tt7124408,nm9121345
4992268,tt7126884,nm0568907
4992404,tt7127156,nm3681364
4992414,tt7127178,nm9123276
4995734,tt7132800,nm7063647
4996055,tt7133348,nm9127909
4996377,tt7134004,nm9128297
4998008,tt7136666,nm9130035
4998970,tt7138448,nm0339630
4998985,tt7138478,nm0339630
4999365,tt7139240,nm5734164
5002037,tt7144150,nm6077469
5002561,tt7145194,nm9135424
5004314,tt7148424,nm7071560
5004919,tt7149452,nm6476713
5005724,tt7151036,nm8187085
5007829,tt7154976,nm6666253
5007966,tt7155252,nm5703066
5008796,tt7156772,nm8840535
5009746,tt7158690,nm9145014
5013744,tt7165778,nm8652337
5013964,tt7166208,nm9149514
5015084,tt7168116,nm9150992
5019091,tt7175460,nm7090484
5019389,tt7176076,nm3171836
5019622,tt7176516,nm9157056
5020075,tt7176956,nm9157241
5021077,tt7179002,nm4863258
5023451,tt7183056,nm1446801
5023843,tt7183960,nm9161029
5025261,tt7186362,nm9162124
5029604,tt7194548,nm9163865
5031435,tt7197686,nm9167746
5031887,tt7198484,nm8674856
5033451,tt7201112,nm8530433
5035351,tt7204142,nm4132069
5036984,tt7207006,nm3389177
5037480,tt7207996,nm9173963
5038310,tt7209622,nm9174757
5039980,tt7212514,nm3866863
5040123,tt7212792,nm7354306
5040196,tt7212950,nm9176463
5041069,tt7214706,nm4237337
5042984,tt7218014,nm9179126
5045566,tt7222934,nm9181800
5048419,tt7228106,nm8814941
5048529,tt7228326,nm9185701
5050600,tt7232376,nm6876835
5052894,tt7236870,nm2492577
5055402,tt7241766,nm9194028
5056266,tt7243220,nm9195229
5057981,tt7246468,nm9197557
5058491,tt7247348,nm8654932
5058492,tt7247348,nm8709723
5060575,tt7251048,nm5804872
5060686,tt7251286,nm9200666
5060945,tt7251774,nm9201057
5060996,tt7251880,nm0662129
5061573,tt7252972,nm9202067
5061574,tt7252972,nm5734984
5061748,tt7253332,nm9202257
5062808,tt7255020,nm1226860
5063370,tt7256230,nm8352119
5066859,tt7262146,nm9207413
5069366,tt7266144,nm9209905
5072096,tt7270922,nm0003750
5074729,tt7275674,nm8509916
5076052,tt7277728,nm8181498
5076071,tt7277768,nm7409618
5077894,tt7280994,nm0458332
5080793,tt7286484,nm9222365
5082160,tt7288710,nm9223558
5082220,tt7288814,nm9223678
5082266,tt7288906,nm9223755
5082267,tt7288906,nm7980953
5082268,tt7288906,nm9223756
5084599,tt7292828,nm4483911
5086795,tt7296628,nm6702468
5086796,tt7296628,nm8142904
5087510,tt7297856,nm7824003
5087594,tt7298028,nm3583561
5089312,tt7300798,nm9230848
5089895,tt7302010,nm9231765
5093153,tt7307240,nm4927334
5096198,tt7313178,nm3195508
5096336,tt7313440,nm4193180
5096343,tt7313456,nm4193180
5097173,tt7314828,nm2153384
5097174,tt7314828,nm6072244
5097688,tt7315850,nm6032712
5097969,tt7316408,nm9240358
5104256,tt7327448,nm8874716
5105172,tt7329040,nm9248813
5108528,tt7335004,nm0942282
5109290,tt7336610,nm9253764
5116391,tt7349516,nm8570600
5117036,tt7350768,nm4858538
5118258,tt7352654,nm3279982
5118302,tt7352746,nm1673243
5118609,tt7353356,nm9261268
5119127,tt7354418,nm8811321
5120098,tt7355934,nm9262615
5120099,tt7355934,nm9262616
5121821,tt7359072,nm4642903
5122730,tt7360302,nm3279982
5125554,tt7364952,nm3279982
5125583,tt7365002,nm3279982
5125684,tt7365222,nm7676604
5125685,tt7365222,nm7676598
5128897,tt7370714,nm7076490
5130262,tt7373230,nm4994372
5131495,tt7374986,nm3279982
5131512,tt7375016,nm3279982
5131519,tt7375030,nm3279982
5131528,tt7375048,nm3279982
5131536,tt7375066,nm6878029
5131550,tt7375092,nm3279982
5131565,tt7375120,nm3279982
5131575,tt7375138,nm3279982
5131581,tt7375150,nm3279982
5131585,tt7375158,nm3279982
5131595,tt7375184,nm3279982
5131600,tt7375194,nm3279982
5131616,tt7375226,nm3279982
5131645,tt7375278,nm9273860
5134027,tt7379200,nm1673243
5134078,tt7379308,nm3279982
5134294,tt7379662,nm1622123
5134344,tt7379766,nm3279982
5136216,tt7382528,nm9278375
5136250,tt7382598,nm9278375
5136591,tt7383254,nm1734184
5136913,tt7383924,nm8617752
5136914,tt7383924,nm8617751
5137177,tt7384328,nm8170324
5142024,tt7391996,nm9284362
5144552,tt7395904,nm9286884
5148117,tt7401776,nm8652775
5152252,tt7408508,nm9292937
5161700,tt7423406,nm1593315
5161760,tt7423528,nm9239194
5168667,tt7435456,nm7490473
5171280,tt7440108,nm9134298
5173800,tt7444748,nm8731384
5174576,tt7446306,nm9311165
5177193,tt7450814,nm9313483
5178271,tt7452412,nm9314331
5179194,tt7454352,nm9315440
5180219,tt7456044,nm9315440
5180273,tt7456158,nm3688760
5180323,tt7456252,nm5252885
5180472,tt7456554,nm8065705
5180473,tt7456554,nm5020108
5181149,tt7457972,nm9183833
5181693,tt7459096,nm8812614
5181694,tt7459096,nm8812615
5184884,tt7464864,nm6274553
5184922,tt7464942,nm8878658
5184923,tt7464944,nm8452318
5186415,tt7467448,nm1337739
5188829,tt7471648,nm9323789
5189235,tt7472480,nm9324841
5190211,tt7474434,nm0695396
5190751,tt7475166,nm5778388
5190752,tt7475166,nm9325800
5193369,tt7479812,nm8049770
5194362,tt7481466,nm7763785
5194595,tt7481988,nm4344924
5194795,tt7482468,nm7865145
5194816,tt7482514,nm8977720
5197860,tt7488254,nm3731863
5200641,tt7493464,nm8207897
5202683,tt7497256,nm9337999
5203611,tt7499122,nm8022254
5206554,tt7504648,nm6016387
5206942,tt7505448,nm4954683
5207864,tt7507268,nm7827237
5210735,tt7512146,nm9344155
5210736,tt7512146,nm9344156
5210737,tt7512146,nm9344157
5210864,tt7512358,nm9344470
5211145,tt7512954,nm9345256
5212500,tt7515592,nm9346904
5212924,tt7516306,nm9347151
5213035,tt7516548,nm9161076
5215079,tt7520342,nm9349576
5215926,tt7521962,nm9350911
5217155,tt7524202,nm6014077
5220747,tt7531344,nm5873013
5230071,tt7549788,nm8194917
5230377,tt7550302,nm6517952
5231456,tt7552588,nm2433881
5233335,tt7556150,nm9135951
5234636,tt7558542,nm3383528
5235287,tt7559816,nm4417637
5236600,tt7562038,nm9375886
5236881,tt7562566,nm8749447
5237609,tt7564060,nm8421576
5238921,tt7566384,nm9378088
5241243,tt7570664,nm9142311
5241327,tt7570834,nm9380161
5243110,tt7574078,nm1463263
5244003,tt7575904,nm9383338
5245577,tt7578788,nm9384662
5245578,tt7578788,nm9384663
5246307,tt7580240,nm8908876
5248562,tt7584404,nm8785764
5249106,tt7585494,nm9389073
5249572,tt7586230,nm8062860
5249594,tt7586268,nm1925300
5249645,tt7586370,nm8570387
5252451,tt7591652,nm2023044
5253193,tt7593094,nm9323789
5256125,tt7598894,nm9706013
5256127,tt7598894,nm9425689
5258252,tt7602564,nm9398558
5258877,tt7603572,nm9373349
5261061,tt7607400,nm5158437
5261062,tt7607400,nm6875068
5262123,tt7609544,nm8642418
5263324,tt7611338,nm8908876
5264244,tt7613166,nm9403571
5267959,tt7619486,nm1090791
5269677,tt7622496,nm3934079
5273044,tt7628468,nm4205795
5273564,tt7629340,nm8582986
5275324,tt7632252,nm9040113
5276703,tt7634356,nm8733429
5276722,tt7634378,nm4680311
5280314,tt7640582,nm8747085
5280880,tt7641404,nm7808718
5285648,tt7649478,nm5119307
5290902,tt7658554,nm7576802
5291417,tt7659368,nm5947799
5295360,tt7665846,nm9445452
5297442,tt7669010,nm3600528
5299190,tt7671710,nm1057453
5303390,tt7678382,nm7451337
5303505,tt7678620,nm1068768
5303579,tt7678788,nm8061655
5307827,tt7685638,nm4944138
5307904,tt7685784,nm1780246
5310576,tt7690292,nm9461738
5310715,tt7690588,nm2899487
5310758,tt7690674,nm4148225
5310797,tt7690760,nm7077813
5322560,tt7708388,nm3465104
5324398,tt7711606,nm0002848
5325774,tt7713434,nm8363029
5328214,tt7717168,nm5299647
5328215,tt7717168,nm6993675
5333190,tt7724922,nm9474298
5338672,tt7733848,nm9479411
5341327,tt7738290,nm8426796
5341328,tt7738290,nm8426799
5341574,tt7738784,nm3591496
5341575,tt7738784,nm9988435
5341576,tt7738784,nm9988436
5343610,tt7741748,nm9158799
5344214,tt7742982,nm8383169
5346764,tt7746904,nm4147277
5350489,tt7753056,nm9489207
5351813,tt7754654,nm5567091
5358097,tt7764420,nm1356337
5358681,tt7765614,nm9496460
5359031,tt7766322,nm9497219
5363008,tt7773196,nm8753197
5364582,tt7775612,nm5712081
5365059,tt7776590,nm9503245
5375279,tt7793020,nm4813335
5375868,tt7794164,nm5378238
5375869,tt7794164,nm3808517
5382782,tt7805810,nm5873013
5385469,tt7810338,nm4538633
5389863,tt7817562,nm8827746
5392304,tt7821444,nm7689369
5394832,tt7825502,nm5873013
5395298,tt7826518,nm5204072
5397725,tt7830480,nm1252585
5397813,tt7830656,nm5194702
5402285,tt7838012,nm6489574
5404415,tt7841412,nm9158799
5405600,tt7843662,nm5873013
5409963,tt7851160,nm9066097
5410834,tt7852816,nm7845118
5412926,tt7856250,nm6634664
5416458,tt7862564,nm9549260
5418471,tt7866002,nm9550592
5420598,tt7869554,nm6634664
5422914,tt7873610,nm3473750
5427886,tt7882956,nm9480910
5430298,tt7887380,nm6286945
5432114,tt7890456,nm3190245
5440314,tt7904268,nm7773879
5440645,tt7904964,nm1259917
5442504,tt7908070,nm8013984
5443856,tt7910852,nm5873013
5444771,tt7912196,nm9333238
5444913,tt7912354,nm7691613
5445287,tt7912918,nm6867697
5445872,tt7914090,nm4928363
5446086,tt7914526,nm4928363
5446113,tt7914584,nm4928363
5446157,tt7914668,nm4473778
5446386,tt7915146,nm9577355
5448175,tt7918090,nm9578667
5448660,tt7919034,nm9579484
5450283,tt7922022,nm4928363
5451297,tt7923560,nm4928363
5453882,tt7927936,nm8600313
5453935,tt7928060,nm7782835
5454221,tt7928564,nm2717706
5454250,tt7928608,nm4928363
5454345,tt7928754,nm4928363
5454365,tt7928794,nm4928363
5454610,tt7929234,nm3889514
5458879,tt7936172,nm9421626
5458972,tt7936354,nm9516623
5462031,tt7941614,nm3925895
5464993,tt7947780,nm7096037
5465203,tt7948204,nm9596428
5465391,tt7948602,nm9596731
5469776,tt7956704,nm7565826
5469777,tt7956704,nm1847187
5471151,tt7958884,nm3717825
5474447,tt7964964,nm6980244
5479230,tt7973986,nm3596540
5479265,tt7974046,nm7451337
5480127,tt7975758,nm4375071
5482367,tt7979886,nm5015540
5484281,tt7983304,nm4541828
5484736,tt7984150,nm7189926
5488837,tt7991740,nm10053434
5491232,tt7996170,nm4248721
5496939,tt8006926,nm3276533
5506668,tt8024712,nm8662914
5506669,tt8024712,nm3160391
5510769,tt8031558,nm9641894
5511306,tt8032644,nm8186774
5514181,tt8037648,nm8765272
5514183,tt8037652,nm3118214
5514209,tt8037706,nm9645269
5515966,tt8040774,nm8812021
5519747,tt8047138,nm6342285
5521901,tt8050688,nm3141439
5522844,tt8052608,nm7184276
5524656,tt8055596,nm4550910
5527223,tt8060126,nm9656846
5527686,tt8061052,nm9657435
5529338,tt8063942,nm9658404
5529542,tt8064372,nm6325977
5534204,tt8073184,nm6634664
5543032,tt8089142,nm9347965
5548895,tt8099226,nm8433184
5550576,tt8101758,nm5779967
5551275,tt8103162,nm9345251
5552866,tt8105580,nm9706013
5552867,tt8105580,nm9396612
5553367,tt8106586,nm2393401
5553444,tt8106744,nm3597765
5553445,tt8106744,nm2297367
5559044,tt8115972,nm9685789
5559045,tt8115972,nm9685794
5559046,tt8115972,nm8699170
5559048,tt8115972,nm9685783
5559049,tt8115972,nm7627901
5559051,tt8115972,nm9705945
5559054,tt8115972,nm9685788
5559055,tt8115972,nm9705944
5563807,tt8123378,nm2467575
5570111,tt8134736,nm6690751
5573785,tt8141332,nm1757480
5574443,tt8142712,nm7057719
5576414,tt8145942,nm9685788
5576417,tt8145942,nm9685783
5576420,tt8145942,nm9685794
5576423,tt8145942,nm9685789
5576424,tt8145942,nm8699170
5576425,tt8145942,nm9705945
5576426,tt8145942,nm9705944
5577737,tt8148288,nm5513382
5584385,tt8159746,nm9705945
5584388,tt8159746,nm9685789
5584389,tt8159746,nm9685884
5584390,tt8159746,nm8699170
5584391,tt8159746,nm9685794
5584392,tt8159746,nm9705944
5584393,tt8159746,nm9685788
5584396,tt8159746,nm9685783
5584775,tt8160488,nm7848030
5584785,tt8160504,nm9469893
5585108,tt8161110,nm4193180
5591351,tt8172024,nm3741320
5596407,tt8180726,nm0059398
5598462,tt8184172,nm3741320
5600872,tt8188422,nm6963310
5601128,tt8188888,nm0059398
5608750,tt8202652,nm8881085
5610317,tt8205106,nm9434241
5612781,tt8209376,nm2526638
5616327,tt8215208,nm8180986
5623377,tt8226144,nm1352245
5623469,tt8226340,nm9416560
5624420,tt8228364,nm9744687
5626245,tt8231242,nm3235413
5629650,tt8237310,nm5408720
5630303,tt8238544,nm0797610
5638115,tt8252546,nm1569340
5641912,tt8259592,nm8582988
5642076,tt8259916,nm9762716
5643137,tt8261798,nm4434508
5643995,tt8263228,nm4291818
5644659,tt8264568,nm9765392
5646906,tt8268286,nm9196886
5647879,tt8269850,nm5130799
5650341,tt8274136,nm8840541
5650342,tt8274136,nm8840535
5650906,tt8274982,nm9804834
5652569,tt8277366,nm9376079
5655165,tt8281386,nm7291758
5655446,tt8281914,nm9773418
5655447,tt8281914,nm9773417
5655960,tt8282956,nm8112454
5656891,tt8284230,nm2415446
5660551,tt8289518,nm7702254
5662753,tt8293270,nm4724962
5663979,tt8294696,nm9779501
5664291,tt8295318,nm6797888
5672711,tt8308822,nm3924872
5680751,tt8320022,nm9791230
5680763,tt8320046,nm6591485
5687383,tt8329418,nm9302518
5687480,tt8329618,nm2989430
5693397,tt8337354,nm9548384
5701901,tt8349702,nm3860720
5702211,tt8350156,nm9805528
5706036,tt8356182,nm9809285
5711066,tt8363112,nm8298762
5712065,tt8365122,nm2656794
5715613,tt8370058,nm9816291
5716431,tt8371462,nm7547712
5717108,tt8372164,nm9817205
5717726,tt8373318,nm6250677
5729874,tt8392692,nm8851954
5732016,tt8396306,nm7932641
5732295,tt8396886,nm9829983
5733477,tt8398456,nm4555841
5739820,tt8408604,nm5413556
5739921,tt8408806,nm8413645
5742884,tt8413018,nm4193245
5743082,tt8413430,nm3873857
5745350,tt8416428,nm8612741
5746173,tt8418084,nm0653056
5773628,tt8456432,nm8620429
5773641,tt8456456,nm8620429
5773692,tt8456566,nm7063647
5783768,tt8470750,nm8926017
5787165,tt8475552,nm8003295
5791096,tt8480786,nm7215040
5793478,tt8483182,nm7025636
5793883,tt8483994,nm9763937
5794440,tt8485090,nm9872758
5797142,tt8488234,nm9874461
5797330,tt8488586,nm8620429
5798601,tt8490934,nm8620429
5800821,tt8492900,nm8612741
5802385,tt8495072,nm9347965
5803986,tt8497278,nm5381270
5805187,tt8499156,nm2759278
5810491,tt8505584,nm9198871
5811540,tt8507658,nm8620429
5815768,tt8513072,nm9887120
5819067,tt8517898,nm8620429
5826407,tt8526626,nm6366519
5827201,tt8528166,nm8744887
5831074,tt8532906,nm8620429
5831086,tt8532924,nm8620429
5832821,tt8534638,nm9896667
5832822,tt8534638,nm9380289
5839621,tt8542994,nm8451351
5841161,tt8546068,nm9902024
5845561,tt8550222,nm9903974
5845910,tt8550924,nm9105114
5848611,tt8553804,nm1427758
5849075,tt8554764,nm8956998
5850272,tt8556948,nm9907814
5852519,tt8558996,nm8620429
5853524,tt8560994,nm5663366
5853910,tt8561756,nm9910044
5853911,tt8561756,nm6181252
5857882,tt8566914,nm8744887
5857883,tt8566914,nm7428744
5865588,tt8577524,nm9920211
5865589,tt8577524,nm7162533
5865590,tt8577524,nm7694564
5875151,tt8590472,nm4931128
5878756,tt8595766,nm6875639
5890384,tt8611850,nm9890153
5890387,tt8611850,nm9890158
5890388,tt8611850,nm8209821
5904622,tt8628960,nm1202346
5905038,tt8629808,nm8620429
5907370,tt8632994,nm9546632
5913571,tt8641798,nm8620429
5914697,tt8643968,nm3450601
5916338,tt8645918,nm9812374
5917055,tt8646912,nm9762710
5921271,tt8653866,nm9054691
5924162,tt8658112,nm7063647
5926415,tt8661084,nm2085734
5930552,tt8666660,nm7671690
5930790,tt8666936,nm4721266
5933599,tt8671020,nm8346160
5936393,tt8675218,nm8781812
5937135,tt8676348,nm9960228
5940065,tt8680198,nm9961842
5940066,tt8680198,nm9961436
5946199,tt8689832,nm9967105
5946820,tt8691068,nm9762710
5952154,tt8698882,nm9271946
5953426,tt8700262,nm9961842
5953427,tt8700262,nm9961436
5954088,tt8701338,nm9009617
5961869,tt8713710,nm1106044
5976815,tt8735480,nm7161949
5986915,tt8752458,nm9480910
5990153,tt8757056,nm9992853
5990154,tt8757056,nm9992852
5992749,tt8761268,nm9961842
5992750,tt8761268,nm9961436
5995240,tt8764752,nm10011144
5998516,tt8769666,nm7423090
6000565,tt8772260,nm5194052
6006535,tt8781538,nm4497650
6006536,tt8781538,nm2989885
6013117,tt8791592,nm10024058
6019215,tt8801760,nm9549260
6024326,tt8809646,nm9587614
6027552,tt8814760,nm6634664
6028746,tt8817178,nm1966952
6031004,tt8820392,nm3374584
6049364,tt8848796,nm10050616
6051091,tt8852312,nm8528554
6054326,tt8857624,nm8640274
6054327,tt8857624,nm10055164
6066147,tt8876290,nm10086276
6066148,tt8876290,nm10086275
6066149,tt8876290,nm5079383
6076883,tt8892138,nm10071340
6082792,tt8900836,nm8329277
6093667,tt8917928,nm10083600
6098995,tt8926554,nm10087603
6098996,tt8926554,nm10087600
6102255,tt8931836,nm5743648
6103071,tt8933438,nm10091307
6115807,tt8954394,nm10100096
6120770,tt8962996,nm10104498
6122412,tt8965560,nm10105505
6125422,tt8970474,nm10107463
6129138,tt8977402,nm10111917
6131887,tt8982612,nm10100096
6138393,tt8993100,nm3769419
6138405,tt8993126,nm3769419
6138407,tt8993130,nm3769419
6150477,tt9012752,nm7463132
6150478,tt9012752,nm9224434
6156275,tt9022740,nm10083600
6156360,tt9022908,nm7514707
6157692,tt9025352,nm8300767
6157693,tt9025352,nm8412331
6170287,tt9050548,nm10151246
6178407,tt9066620,nm10161393
6178459,tt9066702,nm6621545
6184293,tt9078346,nm6997123
6186520,tt9082142,nm10170627
6193807,tt9094484,nm8163533
6209133,tt9121194,nm0332248
6211682,tt9125520,nm4168341
6214454,tt9130246,nm2061804
6214679,tt9130692,nm6487820
6217957,tt9135854,nm10193854
6227364,tt9150866,nm5390551
6230752,tt9156158,nm5685343
6235341,tt9162212,nm9485039
6239660,tt9168978,nm9967105
6242348,tt9172950,nm10210145
6250312,tt9185786,nm8825048
6268214,tt9214818,nm9480911
6268215,tt9214818,nm9480908
6277545,tt9230228,nm10235599
6301777,tt9271376,nm9202067
