writer_lookup_id,title_id,writer_id
422698,tt0439572,nm1703612
422698,tt0439572,nm1764901
742585,tt0765465,nm2156681
742585,tt0765465,nm2152193
760157,tt0783640,nm0733149
812428,tt0837563,nm1161528
1027659,tt1060269,nm2202390
1041151,tt1074206,nm1615921
1065179,tt1099209,nm4571167
1065179,tt1099209,nm1836863
1141906,tt1180174,nm3597112
1141906,tt1180174,nm2202390
1151983,tt1190634,nm1093194
1151983,tt1190634,nm8401796
1151983,tt1190634,nm1352769
1242531,tt1285305,nm2806016
1258509,tt1302006,nm3153307
1277123,tt1321510,nm3730005
1438289,tt1488589,nm3115617
1451629,tt1502397,nm6200158
1451629,tt1502397,nm3294574
1465990,tt1517268,nm6035700
1488704,tt1540884,nm2580761
1494029,tt1546413,nm4566640
1494029,tt1546413,nm5675376
1496358,tt1548871,nm3556038
1515559,tt1568898,nm1748106
1544183,tt1598441,nm2417339
1555316,tt1609991,nm1447241
1572838,tt1628038,nm2420534
1574762,tt1630029,nm0004307
1578715,tt1634106,nm1318192
1697675,tt1757678,nm0004307
1704009,tt1764494,nm2417339
1704009,tt1764494,nm0656041
1800150,tt1865435,nm4372854
2186780,tt2278524,nm2766505
2236325,tt2334328,nm5226891
2467740,tt2813796,nm6018655
2507084,tt2906216,nm0350436
2585282,tt3095356,nm0004307
2606840,tt3145630,nm3959295
2608693,tt3150060,nm3879098
2612293,tt3158294,nm4837252
2612402,tt3158558,nm5684202
2617450,tt3170458,nm2423919
2628391,tt3195548,nm5953458
2630992,tt3201438,nm3816678
2630992,tt3201438,nm7586797
2630992,tt3201438,nm4098170
2638763,tt3219562,nm5993051
2639531,tt3221324,nm5502448
2640896,tt3224458,nm2873116
2640896,tt3224458,nm1406764
2643893,tt3231352,nm5812008
2648089,tt3241016,nm4670522
2650629,tt3246874,nm2027066
2651988,tt3249958,nm2229172
2654140,tt3254898,nm3789602
2654140,tt3254898,nm4298210
2657523,tt3262492,nm4247665
2664686,tt3278810,nm9198645
2664686,tt3278810,nm0744922
2666388,tt3282894,nm4383698
2670276,tt3291788,nm5930452
2671782,tt3295220,nm8810501
2675807,tt3304692,nm4741249
2677573,tt3308620,nm6052662
2681043,tt3316624,nm1540414
2682561,tt3320132,nm1785665
2698308,tt3356594,nm1977545
2711803,tt3387520,nm5213624
2713785,tt3391908,nm5415208
2714823,tt3394356,nm8799343
2714823,tt3394356,nm5602348
2728341,tt3425300,nm1154652
2731199,tt3431584,nm0370140
2731494,tt3432264,nm1536169
2743568,tt3460198,nm1933407
2748827,tt3472862,nm3325858
2751414,tt3478698,nm10228360
2754745,tt3486434,nm6238849
2760232,tt3498886,nm6260796
2763178,tt3505898,nm6260439
2763178,tt3505898,nm2115280
2763480,tt3506590,nm6032643
2763480,tt3506590,nm5216586
2763480,tt3506590,nm7052543
2763480,tt3506590,nm6031744
2765441,tt3511206,nm6143683
2778535,tt3541682,nm5183398
2784191,tt3554974,nm9923520
2789260,tt3566610,nm6404917
2789342,tt3566834,nm4573217
2793703,tt3577296,nm6453637
2793703,tt3577296,nm4619687
2834480,tt3671640,nm6116103
2859873,tt3729594,nm1504567
2859873,tt3729594,nm2440587
2965172,tt3965636,nm1872762
2966959,tt3969526,nm6713903
2993372,tt4027794,nm6761407
3034996,tt4120636,nm0112357
3034996,tt4120636,nm0437314
3034996,tt4120636,nm4566501
3036201,tt4123436,nm1303925
3044244,tt4141544,nm3891095
3100048,tt4267366,nm0366755
3171061,tt4423352,nm1810195
3188216,tt4461676,nm4633176
3188216,tt4461676,nm1493598
3192081,tt4470432,nm6840233
3193397,tt4473386,nm7146404
3193397,tt4473386,nm2192740
3193397,tt4473386,nm6930680
3193590,tt4473824,nm7031116
3200232,tt4488836,nm4080779
3200232,tt4488836,nm7159734
3200232,tt4488836,nm4045934
3207072,tt4504044,nm1161528
3214811,tt4521338,nm1747121
3217262,tt4526862,nm2859715
3218398,tt4529362,nm4948987
3218398,tt4529362,nm7195639
3219545,tt4532038,nm0809759
3234929,tt4566758,nm4168262
3234929,tt4566758,nm7230194
3298123,tt4708624,nm7348955
3298123,tt4708624,nm7136521
3320519,tt4761100,nm0033422
3320519,tt4761100,nm6345259
3327668,tt4777008,nm2873116
3327668,tt4777008,nm1406764
3334295,tt4791316,nm7405253
3348955,tt4823776,nm5863941
3354951,tt4837314,nm7443686
3354951,tt4837314,nm7443722
3354951,tt4837314,nm7438193
3354951,tt4837314,nm7438194
3356843,tt4841820,nm4833407
3357447,tt4843164,nm7443686
3357447,tt4843164,nm7443722
3372307,tt4877004,nm6296491
3373233,tt4879102,nm7471827
3373233,tt4879102,nm3038716
3373233,tt4879102,nm7471828
3375851,tt4884978,nm1440820
3375851,tt4884978,nm3650490
3376503,tt4886400,nm4425048
3386393,tt4908254,nm6319208
3386393,tt4908254,nm4699946
3386393,tt4908254,nm5354887
3388925,tt4913966,nm5657522
3388925,tt4913966,nm3037068
3390122,tt4916630,nm6150131
3390122,tt4916630,nm1555164
3393365,tt4923786,nm7500925
3470602,tt5096928,nm9166403
3470602,tt5096928,nm4896609
3476207,tt5109280,nm9833044
3517273,tt5202216,nm7730567
3517273,tt5202216,nm7686014
3519074,tt5206260,nm0523342
3522019,tt5212808,nm7740631
3524811,tt5219052,nm4203347
3525257,tt5220022,nm7624191
3556799,tt5290626,nm7325345
3558006,tt5293310,nm3492090
3558006,tt5293310,nm0006379
3558557,tt5294522,nm4299678
3564142,tt5306938,nm5542801
3564142,tt5306938,nm8066948
3564142,tt5306938,nm6497933
3575210,tt5331530,nm5381591
3578133,tt5338194,nm1502978
3616183,tt5421726,nm6208469
3616183,tt5421726,nm8920750
3616183,tt5421726,nm6545346
3617092,tt5423644,nm7141744
3621988,tt5434562,nm5119913
3639733,tt5473682,nm1556116
3639733,tt5473682,nm1552637
3650670,tt5497752,nm4764801
3666738,tt5533938,nm2718005
3667035,tt5534588,nm1509941
3667035,tt5534588,nm1662793
3669239,tt5539502,nm4869372
3686779,tt5578294,nm7855528
3686779,tt5578294,nm5410956
3699031,tt5605556,nm2907116
3699031,tt5605556,nm5442299
3700082,tt5607976,nm1099514
3701583,tt5611432,nm3968282
3701583,tt5611432,nm7988637
3713339,tt5637536,nm0004307
3724049,tt5661882,nm5734959
3724912,tt5663910,nm10154221
3724912,tt5663910,nm1078916
3724912,tt5663910,nm2668837
3724912,tt5663910,nm4833816
3724912,tt5663910,nm7158428
3724912,tt5663910,nm8332537
3724912,tt5663910,nm8640818
3725255,tt5664694,nm5865615
3725255,tt5664694,nm5709004
3730180,tt5675950,nm5865615
3730180,tt5675950,nm5709004
3730390,tt5676388,nm5842271
3731802,tt5679446,nm5510317
3734132,tt5684268,nm5998459
3735471,tt5687270,nm1319618
3736258,tt5689056,nm0604699
3736258,tt5689056,nm2488408
3737134,tt5691114,nm1527081
3737134,tt5691114,nm7652209
3737879,tt5692786,nm0084439
3737879,tt5692786,nm4621545
3741529,tt5700676,nm8126647
3741529,tt5700676,nm8126646
3741529,tt5700676,nm8137477
3806028,tt5847158,nm5865615
3806028,tt5847158,nm5709004
3806030,tt5847162,nm5865615
3806591,tt5848416,nm7401913
3806591,tt5848416,nm0178547
3810237,tt5856410,nm8618103
3810237,tt5856410,nm8262622
3812816,tt5862216,nm3009031
3815938,tt5869240,nm5033953
3815994,tt5869404,nm5526293
3815994,tt5869404,nm2969981
3815994,tt5869404,nm1624842
3816878,tt5871388,nm7330213
3817572,tt5872938,nm3047339
3819272,tt5876688,nm4167694
3820220,tt5878776,nm7756917
3820562,tt5879518,nm6424437
3820961,tt5880374,nm9202665
3821013,tt5880498,nm5764298
3821013,tt5880498,nm4894169
3840805,tt5924572,nm3559500
3840805,tt5924572,nm8527975
3840805,tt5924572,nm1114240
3841913,tt5927030,nm5271457
3842565,tt5928390,nm8329691
3844548,tt5932728,nm1731154
3844548,tt5932728,nm2278762
3857157,tt5961102,nm6032290
3858562,tt5964194,nm8360111
3860424,tt5968394,nm0066464
3860424,tt5968394,nm1012501
3863432,tt5975222,nm2285654
3863796,tt5976054,nm4761394
3863796,tt5976054,nm3240563
3876851,tt6004872,nm6741186
3876851,tt6004872,nm2856597
3891095,tt6035918,nm5604686
3891095,tt6035918,nm3682572
3891095,tt6035918,nm5570643
3892875,tt6039904,nm1193761
3893508,tt6041296,nm1509941
3893508,tt6041296,nm1662793
3899527,tt6054846,nm1747747
3908734,tt6075060,nm8449073
3909228,tt6076194,nm1454061
3910785,tt6079636,nm1035818
3913737,tt6086316,nm3876151
3922242,tt6105978,nm2704077
3922242,tt6105978,nm4112866
3922541,tt6106632,nm7276710
3922966,tt6107580,nm5444720
3922966,tt6107580,nm0157832
3923073,tt6107796,nm8478383
3933910,tt6131414,nm5979724
3942643,tt6150788,nm5092191
3942643,tt6150788,nm4507102
3945221,tt6156584,nm2597661
3945221,tt6156584,nm1891864
3945221,tt6156584,nm0499429
3945221,tt6156584,nm2441468
3945221,tt6156584,nm0543919
3945221,tt6156584,nm0585319
3945221,tt6156584,nm2440893
3945221,tt6156584,nm9592107
3946011,tt6158358,nm3088829
3946011,tt6158358,nm3088738
3954057,tt6176364,nm8530646
3954057,tt6176364,nm8259471
3960528,tt6190458,nm5510600
3961886,tt6193470,nm2710782
3962745,tt6195256,nm3559955
3970803,tt6213508,nm3807146
3972826,tt6217996,nm0330380
3973559,tt6219632,nm4975433
3973559,tt6219632,nm1595283
3975678,tt6224382,nm6926872
3979341,tt6232448,nm1830517
3979341,tt6232448,nm10185496
3990226,tt6256480,nm3261200
3990450,tt6256978,nm3924215
4007639,tt6295024,nm5804612
4009333,tt6298602,nm10228360
4010945,tt6302056,nm6940944
4011984,tt6304274,nm5804612
4027720,tt6338498,nm3730005
4038245,tt6362144,nm5386438
4043931,tt6374640,nm1785665
4058669,tt6406710,nm8697028
4064347,tt6418996,nm2826001
4066056,tt6423362,nm2002824
4066056,tt6423362,nm7567554
4066614,tt6424666,nm5629613
4066816,tt6425086,nm7624191
4066869,tt6425202,nm1382455
4067160,tt6425830,nm2512388
4067172,tt6425856,nm2512388
4081185,tt6457286,nm1853422
4082408,tt6459958,nm0990600
4090961,tt6478450,nm6648010
4092661,tt6482118,nm8746486
4093677,tt6484398,nm1639658
4110164,tt6520522,nm8772269
4110465,tt6521194,nm7568168
4110644,tt6521592,nm6076056
4112538,tt6525952,nm5987038
4113550,tt6528174,nm8777739
4113550,tt6528174,nm2625448
4113697,tt6528488,nm5856945
4125035,tt6553042,nm7194157
4125421,tt6553858,nm3575633
4126737,tt6556670,nm0491230
4126737,tt6556670,nm0154385
4140489,tt6586090,nm3533590
4143652,tt6593054,nm4465032
4143652,tt6593054,nm2201245
4158075,tt6624144,nm3905562
4161750,tt6632014,nm7563709
4162060,tt6632666,nm5658936
4162060,tt6632666,nm2151033
4184911,tt6681678,nm9180142
4184911,tt6681678,nm1939286
4185267,tt6682438,nm7064124
4185267,tt6682438,nm6768701
4186654,tt6685538,nm7760581
4187952,tt6688324,nm0232787
4189801,tt6692368,nm2093215
4189886,tt6692552,nm6927200
4195746,tt6704898,nm3509241
4213184,tt6742422,nm6501604
4213207,tt6742468,nm6501604
4213213,tt6742480,nm6501604
4222916,tt6765644,nm9255599
4222916,tt6765644,nm9408219
4222916,tt6765644,nm8915217
4233766,tt6791350,nm5037683
4239403,tt6803668,nm3676874
4239403,tt6803668,nm9446457
4240823,tt6806690,nm6749877
4240823,tt6806690,nm8938936
4241747,tt6808710,nm0675278
4242417,tt6810122,nm8940967
4244175,tt6813898,nm5856945
4244176,tt6813900,nm5856945
4244178,tt6813904,nm5856945
4244181,tt6813910,nm5856945
4244184,tt6813916,nm5856945
4244186,tt6813920,nm5856945
4244187,tt6813922,nm5856945
4244189,tt6813926,nm5856945
4244520,tt6814618,nm8348113
4247494,tt6821116,nm9833044
4253086,tt6833038,nm9052229
4253086,tt6833038,nm8955271
4253086,tt6833038,nm6840072
4253252,tt6833380,nm1785665
4259057,tt6845800,nm8963634
4259057,tt6845800,nm8963633
4263887,tt6856342,nm1311048
4264162,tt6856968,nm0722613
4272417,tt6874932,nm8577211
4272417,tt6874932,nm8599164
4280687,tt6892898,nm1450084
4286646,tt6905686,nm3207866
4286646,tt6905686,nm3733282
4286648,tt6905692,nm3207866
4286648,tt6905692,nm3733282
4289726,tt6912364,nm6340600
4289726,tt6912364,nm9207462
4290557,tt6914122,nm1189755
4291583,tt6916348,nm2457309
4291583,tt6916348,nm7640581
4294268,tt6922062,nm3245786
4294434,tt6922406,nm5430599
4295483,tt6924650,nm7873659
4296827,tt6927492,nm9002451
4296827,tt6927492,nm1627093
4296827,tt6927492,nm4863507
4296827,tt6927492,nm4037375
4299395,tt6932874,nm2807682
4308308,tt6951546,nm3115173
4308308,tt6951546,nm4961496
4313858,tt6963538,nm9036021
4321471,tt6979798,nm2085288
4323248,tt6983586,nm2641462
4325470,tt6988296,nm1503493
4325470,tt6988296,nm9977077
4325470,tt6988296,nm2597193
4326966,tt6991374,nm7019743
4327278,tt6992050,nm9062118
4327278,tt6992050,nm7363881
4354181,tt7049682,nm0600872
4354248,tt7049830,nm9082369
4354252,tt7049838,nm9846599
4354252,tt7049838,nm3788286
4354776,tt7050946,nm9082962
4354776,tt7050946,nm2108837
4354795,tt7050988,nm1401792
4356501,tt7054636,nm5277487
4359154,tt7060306,nm0100425
4359154,tt7060306,nm4286413
4359154,tt7060306,nm7844032
4373191,tt7089882,nm7075214
4381791,tt7108082,nm5172809
4409514,tt7167140,nm4149326
4409768,tt7167686,nm5783644
4409768,tt7167686,nm4635630
4409768,tt7167686,nm1439561
4409768,tt7167686,nm4587620
4409768,tt7167686,nm0582262
4409768,tt7167686,nm2004812
4409768,tt7167686,nm0827836
4410398,tt7169126,nm7417755
4411009,tt7170374,nm2002882
4412971,tt7174660,nm1955834
4413626,tt7176054,nm7416378
4413626,tt7176054,nm9156736
4413626,tt7176054,nm7686274
4413779,tt7176388,nm6340600
4414206,tt7177346,nm4158663
4414790,tt7178640,nm1133719
4414950,tt7178984,nm4482381
4414950,tt7178984,nm1520573
4417300,tt7184122,nm0762290
4418466,tt7186588,nm3301881
4418466,tt7186588,nm3085077
4418691,tt7187044,nm1118885
4418880,tt7187442,nm7503119
4421078,tt7192104,nm2713642
4424348,tt7199028,nm9168466
4426509,tt7203552,nm4526964
4426968,tt7204544,nm1057315
4426968,tt7204544,nm9500804
4427024,tt7204666,nm1125264
4427024,tt7204666,nm10011197
4429295,tt7209472,nm9174717
4429295,tt7209472,nm9174718
4429295,tt7209472,nm9839610
4435761,tt7223138,nm9181171
4437370,tt7226598,nm9184097
4437649,tt7227208,nm6077040
4441755,tt7236088,nm8430297
4444936,tt7242832,nm9194820
4444936,tt7242832,nm9194814
4444936,tt7242832,nm9194815
4444936,tt7242832,nm9194817
4451350,tt7256508,nm6340600
4454052,tt7262192,nm9207447
4454052,tt7262192,nm9207448
4454529,tt7263240,nm2285654
4454900,tt7264054,nm7282395
4456062,tt7266428,nm0523158
4456765,tt7267968,nm3163343
4456765,tt7267968,nm1123841
4459096,tt7272948,nm9191327
4459157,tt7273074,nm9214014
4460017,tt7274892,nm4064248
4461538,tt7278120,nm0667001
4462240,tt7279640,nm7271724
4462844,tt7280866,nm7582763
4463075,tt7281348,nm5782936
4463075,tt7281348,nm9368231
4463075,tt7281348,nm9368233
4463856,tt7283064,nm7339980
4464879,tt7285192,nm3412507
4464879,tt7285192,nm4016865
4465402,tt7286308,nm8261615
4465633,tt7286836,nm5504892
4466039,tt7287680,nm5619726
4467822,tt7291408,nm6224641
4467822,tt7291408,nm3875890
4469119,tt7294150,nm6834605
4469235,tt7294400,nm7949107
4472187,tt7300648,nm5032979
4474150,tt7304824,nm5464015
4516230,tt7395114,nm10101337
4516230,tt7395114,nm5675928
4651482,tt7683212,nm7468194
4652684,tt7685770,nm9458943
4652684,tt7685770,nm9451373
4652684,tt7685770,nm9451376
4652684,tt7685770,nm9458942
4654183,tt7689030,nm4670522
4654316,tt7689310,nm2285783
4654427,tt7689548,nm9111074
4654427,tt7689548,nm9407571
4654455,tt7689604,nm7775566
4654630,tt7689986,nm1309452
4654630,tt7689986,nm1194496
4657972,tt7697060,nm2119826
4657972,tt7697060,nm3836165
4657973,tt7697062,nm2252804
4657973,tt7697062,nm2213589
4662196,tt7706034,nm1591928
4664721,tt7711350,nm7391561
4665298,tt7712562,nm7745316
4665316,tt7712598,nm1668149
4665316,tt7712598,nm0768721
4665316,tt7712598,nm2839012
4665316,tt7712598,nm9379384
4665541,tt7713068,nm1570426
4665541,tt7713068,nm5990065
4666831,tt7715754,nm6310806
4666831,tt7715754,nm8534418
4669662,tt7721800,nm4313283
4671358,tt7725390,nm3559955
4671415,tt7725504,nm3782883
4671467,tt7725626,nm9410880
4671467,tt7725626,nm8904193
4671467,tt7725626,nm10067968
4671485,tt7725664,nm9474928
4675006,tt7733238,nm2252804
4675006,tt7733238,nm2213589
4675465,tt7734218,nm2945690
4676330,tt7736042,nm5858965
4676409,tt7736212,nm5778605
4676485,tt7736460,nm3617711
4676505,tt7736502,nm3086150
4678661,tt7741082,nm9449368
4678746,tt7741270,nm7720082
4678746,tt7741270,nm9114614
4678758,tt7741298,nm7720082
4678758,tt7741298,nm6617489
4678758,tt7741298,nm4475092
4678762,tt7741308,nm3301881
4678762,tt7741308,nm3085077
4678772,tt7741330,nm7720082
4679235,tt7742380,nm4327536
4680545,tt7745106,nm9488154
4680545,tt7745106,nm9152316
4680545,tt7745106,nm9610373
4681422,tt7746938,nm9485672
4681828,tt7747802,nm4547685
4683694,tt7751692,nm4547685
4684416,tt7753222,nm3989644
4686693,tt7757964,nm9491848
4688445,tt7761702,nm7499120
4689093,tt7763106,nm9499577
4690543,tt7766166,nm4110082
4691144,tt7767422,nm9946590
4691144,tt7767422,nm1054899
4691144,tt7767422,nm3739546
4691144,tt7767422,nm4139941
4691144,tt7767422,nm5677403
4691253,tt7767660,nm3301881
4691253,tt7767660,nm3085077
4691254,tt7767662,nm3301881
4691255,tt7767664,nm3301881
4691255,tt7767664,nm3085077
4691567,tt7768346,nm3090566
4693560,tt7772588,nm0624038
4693560,tt7772588,nm1005180
4695691,tt7777196,nm6754527
4696661,tt7779352,nm9458943
4696661,tt7779352,nm9451373
4696738,tt7779524,nm5444277
4699559,tt7785420,nm2049325
4699559,tt7785420,nm1598748
4700292,tt7786946,nm9175975
4700557,tt7787524,nm9419975
4703252,tt7793266,nm4119007
4703289,tt7793340,nm5361693
4704393,tt7795640,nm3295547
4705537,tt7798020,nm9474978
4705572,tt7798092,nm7021902
4707415,tt7801894,nm0329825
4708275,tt7803736,nm1431031
4720980,tt7830722,nm9533423
4722479,tt7833878,nm4961496
4722479,tt7833878,nm3115173
4731605,tt7853160,nm9460855
4731825,tt7853636,nm2318188
4731825,tt7853636,nm0016176
4731825,tt7853636,nm2265852
4751247,tt7895704,nm0006680
4751247,tt7895704,nm6459159
4765236,tt7925472,nm2198109
4765737,tt7926574,nm5549742
4766967,tt7929206,nm8927571
4767765,tt7930968,nm5514346
4769646,tt7934860,nm7049490
4770232,tt7936092,nm2660604
4770515,tt7936692,nm6143410
4770838,tt7937366,nm9433059
4771714,tt7939218,nm5372367
4771714,tt7939218,nm1270960
4772653,tt7941194,nm9666974
4772714,tt7941322,nm9891758
4772714,tt7941322,nm9314910
4773044,tt7942016,nm9368066
4773189,tt7942310,nm7802709
4774460,tt7945270,nm1755213
4775855,tt7948278,nm1982833
4778342,tt7953692,nm7392220
4778534,tt7954112,nm6908813
4779452,tt7956020,nm8589520
4779452,tt7956020,nm9601475
4779452,tt7956020,nm4276983
4779452,tt7956020,nm8604085
4780257,tt7957694,nm2046271
4780773,tt7958782,nm2551846
4790481,tt7979580,nm5106831
4790481,tt7979580,nm6676487
4807956,tt8016706,nm0336979
4817463,tt8036910,nm2839229
4817550,tt8037094,nm6173853
4819175,tt8040484,nm5139222
4819698,tt8041578,nm8620391
4821567,tt8045468,nm7861459
4822366,tt8047210,nm1462150
4823540,tt8049666,nm1602547
4823691,tt8049994,nm1349604
4825643,tt8054066,nm9653408
4826236,tt8055348,nm7230909
4826236,tt8055348,nm2234765
4826496,tt8055896,nm0109626
4826660,tt8056248,nm8018636
4827021,tt8056998,nm0109626
4828153,tt8059398,nm8103082
4828269,tt8059642,nm9097802
4852618,tt8110912,nm1099514
4853893,tt8113684,nm4432476
4854790,tt8115560,nm5700825
4871232,tt8151388,nm3971785
4871422,tt8151794,nm3097700
4871422,tt8151794,nm9500175
4873851,tt8157074,nm5527640
4873851,tt8157074,nm2347483
4873910,tt8157204,nm1891864
4873911,tt8157206,nm0585319
4873913,tt8157210,nm2597661
4873917,tt8157218,nm9592107
4875674,tt8160916,nm9707532
4875945,tt8161494,nm1381391
4876584,tt8162810,nm9710189
4877660,tt8165086,nm9033308
4877660,tt8165086,nm7675716
4877660,tt8165086,nm1806027
4877660,tt8165086,nm8830690
4879808,tt8169552,nm3530498
4879808,tt8169552,nm9918681
4879808,tt8169552,nm9918682
4879808,tt8169552,nm0211725
4880473,tt8171000,nm5552925
4881948,tt8174128,nm4723897
4881982,tt8174204,nm7642708
4882066,tt8174384,nm7004001
4882959,tt8176280,nm6067003
4883919,tt8178258,nm9717935
4884096,tt8178634,nm7339980
4884122,tt8178690,nm3953915
4884244,tt8178942,nm4723897
4886793,tt8184352,nm1075175
4886992,tt8184766,nm2812431
4887270,tt8185374,nm2843690
4887707,tt8186328,nm4686333
4888110,tt8187164,nm9722456
4888430,tt8187842,nm5472963
4888802,tt8188610,nm3902889
4888823,tt8188658,nm9376856
4889011,tt8189064,nm3495878
4890386,tt8191982,nm4327536
4890424,tt8192058,nm2899843
4890430,tt8192070,nm1101678
4890498,tt8192212,nm9689201
4892823,tt8197104,nm8612479
4927509,tt8270500,nm4572557
4934560,tt8285262,nm5688266
4935031,tt8286236,nm1281008
4936661,tt8289668,nm4039514
4937039,tt8290452,nm2444689
4937074,tt8290530,nm4554910
4937228,tt8290862,nm8438353
4937402,tt8291224,nm2336554
4937426,tt8291274,nm7821632
4937426,tt8291274,nm5466189
4937426,tt8291274,nm8325079
4937433,tt8291288,nm4936830
4937433,tt8291288,nm8325079
4938550,tt8293594,nm7821632
4938550,tt8293594,nm5466189
4938550,tt8293594,nm8325079
4938554,tt8293608,nm7821632
4938554,tt8293608,nm5466189
4938554,tt8293608,nm8325079
4938574,tt8293648,nm7821632
4938574,tt8293648,nm5466189
4938574,tt8293648,nm8325079
4938582,tt8293666,nm7821632
4938582,tt8293666,nm5466189
4938582,tt8293666,nm8325079
4938585,tt8293672,nm7821632
4938585,tt8293672,nm5466189
4938585,tt8293672,nm8325079
4938599,tt8293700,nm7821632
4938599,tt8293700,nm5466189
4938599,tt8293700,nm8325079
4938609,tt8293722,nm7821632
4938609,tt8293722,nm5466189
4938609,tt8293722,nm8325079
4938617,tt8293738,nm7821632
4938617,tt8293738,nm5466189
4938617,tt8293738,nm8325079
4938631,tt8293766,nm7821632
4938631,tt8293766,nm5466189
4938631,tt8293766,nm8325079
4938644,tt8293792,nm7821632
4938644,tt8293792,nm5466189
4938644,tt8293792,nm8325079
4938656,tt8293816,nm7821632
4938656,tt8293816,nm5466189
4938656,tt8293816,nm8325079
4938663,tt8293830,nm7821632
4938663,tt8293830,nm5466189
4938663,tt8293830,nm8325079
4939258,tt8295122,nm9779933
4939258,tt8295122,nm2036105
4940124,tt8297022,nm2651446
4942550,tt8302192,nm9783313
4943691,tt8304550,nm7862734
4944721,tt8306820,nm4936830
4944721,tt8306820,nm8325079
4944722,tt8306824,nm4936830
4944722,tt8306824,nm8325079
4944723,tt8306826,nm4936830
4944723,tt8306826,nm8325079
4944724,tt8306828,nm4936830
4944724,tt8306828,nm8325079
4944725,tt8306832,nm4936830
4944725,tt8306832,nm8325079
4944726,tt8306834,nm4936830
4944726,tt8306834,nm8325079
4944728,tt8306838,nm4936830
4944728,tt8306838,nm8325079
4944730,tt8306842,nm4936830
4944730,tt8306842,nm8325079
4944731,tt8306844,nm4936830
4944731,tt8306844,nm8325079
4944732,tt8306846,nm4936830
4944732,tt8306846,nm8325079
4944733,tt8306848,nm4936830
4944733,tt8306848,nm8325079
4944734,tt8306850,nm4936830
4944734,tt8306850,nm8325079
4944750,tt8306886,nm4936830
4944750,tt8306886,nm8325079
4945138,tt8307826,nm4936830
4945138,tt8307826,nm8325079
4945140,tt8307830,nm4936830
4945140,tt8307830,nm8325079
4945141,tt8307832,nm4936830
4945141,tt8307832,nm8325079
4945143,tt8307836,nm4936830
4945143,tt8307836,nm8325079
4945148,tt8307846,nm4936830
4945148,tt8307846,nm8325079
4945151,tt8307852,nm4936830
4945151,tt8307852,nm8325079
4945153,tt8307856,nm4936830
4945153,tt8307856,nm8325079
4945156,tt8307862,nm4936830
4945156,tt8307862,nm8325079
4945233,tt8308024,nm2651446
4945256,tt8308072,nm9786296
4946201,tt8310106,nm2997484
4946875,tt8311576,nm1241474
4948577,tt8315132,nm0116894
4948868,tt8315768,nm9789450
4949247,tt8316568,nm1267773
4949247,tt8316568,nm0483499
4949247,tt8316568,nm7451998
4950364,tt8319290,nm9199400
4950364,tt8319290,nm3337046
4950545,tt8319662,nm3074535
4950545,tt8319662,nm4568760
4952181,tt8323120,nm6998182
4959631,tt8338828,nm4330345
4959631,tt8338828,nm3492090
4963747,tt8347410,nm9804292
4976352,tt8374076,nm7739543
4986891,tt8396092,nm9829417
4987439,tt8397270,nm1875997
4988314,tt8399088,nm4677862
4988549,tt8399580,nm9092784
4988549,tt8399580,nm1086456
4988801,tt8400110,nm8891920
4988939,tt8400404,nm8998509
4988939,tt8400404,nm7317023
4989108,tt8400758,nm2073311
4989108,tt8400758,nm4707696
4990910,tt8404520,nm6682589
4990910,tt8404520,nm1077598
4990910,tt8404520,nm0887508
4990952,tt8404608,nm1860184
4990986,tt8404680,nm6842345
4990986,tt8404680,nm6457192
4990986,tt8404680,nm1378524
4990986,tt8404680,nm8576834
4990986,tt8404680,nm9781387
4991750,tt8406276,nm9212366
4991750,tt8406276,nm9833737
4991939,tt8406660,nm2048708
4991972,tt8406738,nm1031769
4991974,tt8406744,nm5488769
4992479,tt8407816,nm7004001
4992479,tt8407816,nm7004004
4992693,tt8408306,nm8792784
4992908,tt8408760,nm3216042
4993730,tt8410468,nm2331053
4993730,tt8410468,nm8879069
4994279,tt8411578,nm9052590
4994752,tt8412554,nm9052590
4994970,tt8413014,nm9836885
4996087,tt8415352,nm5589174
4996534,tt8416276,nm9838428
4996534,tt8416276,nm9838427
4996639,tt8416494,nm4566548
4996639,tt8416494,nm1912955
4997462,tt8418230,nm4566548
5003986,tt8431978,nm0002916
5028300,tt8482974,nm7935125
5028934,tt8484360,nm7665852
5029200,tt8484926,nm1751619
5029402,tt8485364,nm1162056
5029402,tt8485364,nm1466691
5029417,tt8485398,nm4179298
5030887,tt8488534,nm6482463
5031154,tt8489084,nm8576834
5031154,tt8489084,nm9781387
5031154,tt8489084,nm6842345
5031154,tt8489084,nm6457192
5031154,tt8489084,nm1378524
5031185,tt8489148,nm6842345
5031185,tt8489148,nm1378524
5031185,tt8489148,nm6457192
5031187,tt8489152,nm3643208
5031526,tt8489900,nm1001625
5031926,tt8490744,nm1310254
5033123,tt8493292,nm7105982
5033836,tt8494804,nm6665765
5034028,tt8495224,nm1872239
5034514,tt8496264,nm1561210
5034514,tt8496264,nm0563241
5034641,tt8496522,nm2551846
5036718,tt8501004,nm0846371
5037034,tt8501696,nm4289453
5037451,tt8502580,nm4436921
5037621,tt8502944,nm0251215
5037621,tt8502944,nm10093793
5037721,tt8503162,nm9896364
5037906,tt8503572,nm0846371
5038116,tt8504014,nm4345616
5047789,tt8524650,nm5243594
5061715,tt8553876,nm2320256
5061715,tt8553876,nm2321160
5061980,tt8554462,nm9906396
5061980,tt8554462,nm3673803
5062593,tt8555778,nm4747256
5064474,tt8559716,nm1545070
5078292,tt8589616,nm8724341
5078410,tt8589854,nm1315567
5079022,tt8591134,nm7847489
5079039,tt8591170,nm0127810
5079491,tt8592108,nm9923206
5079491,tt8592108,nm6526152
5079491,tt8592108,nm9923205
5079533,tt8592206,nm6383194
5079946,tt8593252,nm4160189
5080307,tt8594028,nm3399230
5080604,tt8594718,nm8194511
5080604,tt8594718,nm9924316
5080727,tt8594978,nm7596736
5080833,tt8595214,nm8920760
5080936,tt8595426,nm3081412
5080993,tt8595548,nm6729880
5081140,tt8595860,nm9642440
5082579,tt8599112,nm4840433
5082579,tt8599112,nm0559882
5082881,tt8599746,nm7082821
5082881,tt8599746,nm1896347
5083674,tt8601612,nm9927969
5083830,tt8601954,nm5677403
5083831,tt8601956,nm1054899
5083833,tt8601960,nm4139941
5083833,tt8601960,nm5677403
5083838,tt8601970,nm9946590
5083838,tt8601970,nm1054899
5083838,tt8601970,nm3739546
5083838,tt8601970,nm5677403
5083839,tt8601972,nm5677403
5083842,tt8601978,nm1054899
5083843,tt8601980,nm5677403
5087039,tt8608822,nm5456276
5087348,tt8609520,nm9145734
5087672,tt8610212,nm1063834
5088023,tt8610984,nm1339593
5088875,tt8612956,nm7774676
5088875,tt8612956,nm2538211
5089985,tt8615378,nm3816433
5091159,tt8617988,nm9974682
5091343,tt8618370,nm5614800
5093031,tt8621988,nm2289935
5093280,tt8622540,nm2573131
5093280,tt8622540,nm4357315
5093280,tt8622540,nm0868932
5093635,tt8623304,nm8910498
5093635,tt8623304,nm6517242
5093922,tt8623904,nm6507883
5096476,tt8629090,nm4477069
5096499,tt8629136,nm5344209
5096499,tt8629136,nm0901602
5096499,tt8629136,nm5188383
5096629,tt8629424,nm9937954
5096869,tt8629954,nm8570705
5097500,tt8631326,nm3634704
5097500,tt8631326,nm5136201
5098285,tt8633062,nm4927551
5098496,tt8633542,nm8945172
5100490,tt8637862,nm8724341
5100629,tt8638192,nm0703253
5101714,tt8640608,nm1438472
5101714,tt8640608,nm4295215
5101714,tt8640608,nm9941515
5101985,tt8641178,nm5683918
5102268,tt8641752,nm6077040
5102276,tt8641770,nm6077040
5112787,tt8664188,nm8389350
5116172,tt8671386,nm5654156
5140558,tt8722888,nm8788884
5140558,tt8722888,nm10076305
5140720,tt8723236,nm6617489
5140913,tt8723650,nm3544629
5140913,tt8723650,nm0571967
5141200,tt8724258,nm9577728
5141301,tt8724464,nm6423712
5141810,tt8725498,nm1764605
5141907,tt8725704,nm2331305
5142115,tt8726136,nm1543986
5142130,tt8726166,nm9985837
5142137,tt8726180,nm5762878
5142137,tt8726180,nm5314742
5142147,tt8726204,nm7634494
5142164,tt8726244,nm1744554
5142309,tt8726540,nm9986046
5142309,tt8726540,nm9986045
5142689,tt8727330,nm3245435
5142923,tt8727832,nm2590367
5143340,tt8728704,nm9987030
5143470,tt8728972,nm6033554
5143933,tt8729924,nm1922800
5144356,tt8730794,nm4832247
5144356,tt8730794,nm0801899
5144455,tt8731012,nm4774606
5144479,tt8731066,nm9989422
5144639,tt8731416,nm4687862
5145111,tt8732398,nm9800492
5145362,tt8732916,nm3796579
5145758,tt8733760,nm9973889
5145758,tt8733760,nm9181952
5145879,tt8734018,nm3245435
5146475,tt8735266,nm1922800
5146785,tt8735930,nm5910013
5146958,tt8736310,nm9618521
5146971,tt8736336,nm3439965
5146971,tt8736336,nm1866725
5146971,tt8736336,nm5859357
5147053,tt8736518,nm5415208
5147057,tt8736526,nm5415208
5147059,tt8736530,nm5415208
5147229,tt8736876,nm3796579
5147304,tt8737030,nm3655221
5147324,tt8737070,nm9990635
5147325,tt8737072,nm9990638
5147340,tt8737102,nm7094325
5147403,tt8737236,nm6271779
5147578,tt8737614,nm8526249
5148548,tt8739672,nm4739285
5148586,tt8739758,nm1057315
5148678,tt8739944,nm5739469
5148692,tt8739976,nm4474066
5148762,tt8740118,nm6687687
5148861,tt8740320,nm5326130
5149161,tt8740970,nm6083219
5149262,tt8741224,nm8932808
5149300,tt8741304,nm4593749
5149420,tt8741582,nm1559860
5149586,tt8741932,nm8891920
5149593,tt8741946,nm8891920
5149598,tt8741956,nm8891920
5149604,tt8741968,nm8891920
5149679,tt8742126,nm8891920
5149687,tt8742154,nm7624191
5149835,tt8742482,nm1755902
5149979,tt8742796,nm5549742
5150083,tt8743012,nm4520105
5150092,tt8743032,nm2831294
5150092,tt8743032,nm9993197
5150107,tt8743064,nm8391271
5150110,tt8743070,nm1861185
5150164,tt8743182,nm9993380
5150164,tt8743182,nm9993379
5150198,tt8743256,nm2396477
5150363,tt8743614,nm5344646
5150916,tt8744784,nm0280944
5151456,tt8745954,nm10001408
5151459,tt8745960,nm5879674
5151575,tt8746202,nm5058274
5151657,tt8746384,nm3280033
5151657,tt8746384,nm3403675
5151698,tt8746478,nm6191578
5151780,tt8746656,nm10073209
5151863,tt8746842,nm3884233
5151977,tt8747072,nm10222948
5152001,tt8747126,nm6844553
5152002,tt8747128,nm6655987
5152312,tt8747798,nm8816799
5152943,tt8749132,nm9844120
5152977,tt8749204,nm2256945
5153092,tt8749438,nm6463388
5153092,tt8749438,nm5084627
5153153,tt8749562,nm6381648
5153351,tt8749976,nm9111395
5153615,tt8750570,nm1258965
5153691,tt8750730,nm9014386
5153691,tt8750730,nm5485496
5153737,tt8750832,nm5901409
5153749,tt8750864,nm8395591
5153960,tt8751304,nm9698694
5154071,tt8751538,nm10004737
5154163,tt8751740,nm9111395
5154191,tt8751802,nm4007518
5154191,tt8751802,nm5953200
5154244,tt8751916,nm5484898
5156049,tt8755776,nm9698694
5156353,tt8756416,nm10001387
5158143,tt8760156,nm2278869
5158435,tt8760788,nm9883392
5159795,tt8763694,nm3036661
5160280,tt8764710,nm4936932
5162007,tt8768322,nm9284702
5164337,tt8773286,nm10222948
5164339,tt8773290,nm10222948
5164470,tt8773586,nm4589631
5164492,tt8773630,nm3724754
5164503,tt8773652,nm8998509
5164503,tt8773652,nm7317023
5164504,tt8773654,nm8998509
5164504,tt8773654,nm7317023
5164508,tt8773662,nm9947024
5164542,tt8773734,nm7693169
5164680,tt8774012,nm7675148
5164722,tt8774100,nm10015782
5165272,tt8775250,nm10016647
5165283,tt8775274,nm5712325
5165283,tt8775274,nm2268825
5165820,tt8776404,nm5960628
5166245,tt8777300,nm4363977
5166750,tt8778392,nm4732914
5166960,tt8778826,nm1779115
5166960,tt8778826,nm7783523
5167827,tt8780620,nm1019546
5167827,tt8780620,nm3675370
5171535,tt8788462,nm4719810
5173754,tt8793136,nm7128818
5173760,tt8793150,nm7004001
5173782,tt8793206,nm5960251
5173994,tt8793678,nm4511871
5174069,tt8793842,nm9520011
5174072,tt8793848,nm9520011
5174108,tt8793922,nm10066266
5175482,tt8796754,nm9643795
5180014,tt8806252,nm5574925
5181689,tt8809704,nm6122951
5181689,tt8809704,nm7259747
5181696,tt8809718,nm9098401
5181696,tt8809718,nm9768682
5181811,tt8809958,nm4578836
5182078,tt8810522,nm10033512
5182099,tt8810568,nm10033365
5182115,tt8810600,nm3452029
5182140,tt8810652,nm8446720
5182238,tt8810866,nm10033865
5182247,tt8810886,nm5379787
5182298,tt8810990,nm5736440
5182510,tt8811426,nm9864437
5182510,tt8811426,nm10034173
5182510,tt8811426,nm9039374
5182533,tt8811474,nm0611126
5182625,tt8811670,nm7415441
5182651,tt8811726,nm6302225
5182718,tt8811860,nm7400420
5183767,tt8814044,nm1754505
5183851,tt8814230,nm9638816
5183851,tt8814230,nm5899205
5183851,tt8814230,nm5061266
5183851,tt8814230,nm9971867
5183896,tt8814330,nm3875284
5183905,tt8814348,nm4159369
5183977,tt8814500,nm6475805
5184398,tt8815376,nm10017817
5184464,tt8815524,nm8968786
5184464,tt8815524,nm8355768
5184480,tt8815558,nm9793335
5184522,tt8815652,nm10035660
5184526,tt8815662,nm1394582
5184571,tt8815760,nm1057734
5184697,tt8816016,nm1373507
5184761,tt8816172,nm2710782
5184767,tt8816184,nm6493865
5184767,tt8816184,nm9363337
5184771,tt8816194,nm1361864
5184775,tt8816202,nm9793335
5184876,tt8816412,nm9629473
5185118,tt8816914,nm5095367
5185156,tt8816992,nm4074534
5186203,tt8819134,nm1899695
5186497,tt8819782,nm2157480
5186497,tt8819782,nm1729682
5186511,tt8819810,nm10038096
5186664,tt8820136,nm0629843
5186664,tt8820136,nm1130592
5186669,tt8820146,nm7397707
5186681,tt8820170,nm9010589
5186726,tt8820264,nm6495404
5187148,tt8821158,nm4741480
5187232,tt8821342,nm10038600
5187232,tt8821342,nm10038601
5187232,tt8821342,nm10038602
5187906,tt8822758,nm8740969
5188099,tt8823154,nm3711247
5188105,tt8823166,nm3702564
5188966,tt8824978,nm0280241
5189027,tt8825110,nm10025798
5189056,tt8825172,nm9733869
5189286,tt8825670,nm3746305
5189503,tt8826128,nm5139222
5189503,tt8826128,nm4787010
5189503,tt8826128,nm5698260
5189503,tt8826128,nm0833971
5189829,tt8826812,nm1378027
5190005,tt8827190,nm10041527
5190012,tt8827204,nm1847179
5190560,tt8828316,nm5089985
5191106,tt8829464,nm0440204
5196855,tt8841422,nm10044347
5199211,tt8846478,nm0147270
5205117,tt8858936,nm0766173
5210133,tt8869460,nm10027279
5210222,tt8869662,nm10059807
5210222,tt8869662,nm10059813
5210250,tt8869722,nm9312481
5210360,tt8869966,nm1888937
5210365,tt8869976,nm1888937
5210459,tt8870170,nm6727171
5210459,tt8870170,nm9790291
5210475,tt8870204,nm4848981
5210542,tt8870346,nm9108021
5210554,tt8870370,nm10035660
5210554,tt8870370,nm10039740
5210721,tt8870738,nm8018052
5210775,tt8870848,nm10060702
5210820,tt8870946,nm4705887
5210950,tt8871228,nm8304674
5210965,tt8871268,nm9776300
5210965,tt8871268,nm9152316
5211023,tt8871394,nm0077622
5211023,tt8871394,nm5101328
5211142,tt8871636,nm6286944
5211339,tt8872036,nm8581206
5211606,tt8872580,nm5783069
5211606,tt8872580,nm6038520
5212034,tt8873480,nm10061924
5212362,tt8874304,nm2883837
5212653,tt8874926,nm8395591
5212653,tt8874926,nm4507032
5213141,tt8875940,nm0395541
5213396,tt8876488,nm7294292
5213576,tt8876868,nm3745083
5214376,tt8878494,nm1223126
5214841,tt8879476,nm1682114
5214843,tt8879482,nm6409532
5214959,tt8879732,nm0836321
5215061,tt8879964,nm4614848
5215168,tt8880188,nm2130146
5215423,tt8880720,nm5853875
5215476,tt8880832,nm9295972
5215476,tt8880832,nm9522104
5215481,tt8880842,nm3033107
5215494,tt8880868,nm6840613
5215568,tt8881034,nm0550611
5215609,tt8881138,nm9032877
5215697,tt8881348,nm7500996
5215744,tt8881446,nm7536186
5215778,tt8881530,nm0359141
5215778,tt8881530,nm3937233
5216073,tt8882130,nm7536186
5216139,tt8882264,nm3520657
5216728,tt8883486,nm7030956
5216728,tt8883486,nm5366255
5217103,tt8884284,nm6390182
5217125,tt8884330,nm5621145
5217163,tt8884410,nm5552939
5217221,tt8884534,nm8340357
5217401,tt8884906,nm3304186
5217401,tt8884906,nm3030296
5217493,tt8885096,nm10067907
5217825,tt8885808,nm0722815
5217825,tt8885808,nm0763416
5222280,tt8895082,nm6238849
5223907,tt8898514,nm10031642
5224051,tt8898812,nm1830580
5224051,tt8898812,nm0264265
5224471,tt8899658,nm2680854
5224609,tt8899936,nm10075156
5224609,tt8899936,nm5062687
5224618,tt8899954,nm7546985
5224702,tt8900124,nm3600750
5224738,tt8900196,nm9906168
5224781,tt8900282,nm2381881
5225223,tt8901200,nm1591928
5227739,tt8906424,nm3873328
5227739,tt8906424,nm1528761
5228171,tt8907348,nm1709382
5229895,tt8910922,nm0572982
5232954,tt8917252,nm7432573
5233324,tt8918036,nm9402467
5233491,tt8918392,nm6033367
5234996,tt8921534,nm2755076
5240073,tt8932228,nm8402016
5240712,tt8933590,nm7119082
5242232,tt8936744,nm2612596
5242232,tt8936744,nm4799050
5242352,tt8936988,nm10092704
5242352,tt8936988,nm2612596
5242421,tt8937132,nm7821960
5242551,tt8937402,nm8863332
5242574,tt8937448,nm2053925
5242615,tt8937536,nm0836321
5242839,tt8938002,nm8001302
5242887,tt8938098,nm8633058
5242939,tt8938206,nm7598782
5242939,tt8938206,nm4946590
5243040,tt8938420,nm9078978
5243040,tt8938420,nm7116254
5243087,tt8938522,nm3220274
5243154,tt8938674,nm9913748
5243238,tt8938852,nm4116233
5243669,tt8939738,nm2694645
5244133,tt8940676,nm10085836
5244133,tt8940676,nm10085818
5244370,tt8941174,nm9505022
5244427,tt8941294,nm5673919
5244449,tt8941344,nm8963633
5244488,tt8941422,nm10094533
5244488,tt8941422,nm7812210
5244497,tt8941440,nm7473972
5244497,tt8941440,nm9920220
5244497,tt8941440,nm9920219
5244514,tt8941474,nm8792784
5244566,tt8941586,nm1063564
5244627,tt8941716,nm9877154
5244711,tt8941892,nm8632822
5245003,tt8942500,nm7379623
5245003,tt8942500,nm7379625
5245158,tt8942816,nm10095238
5245179,tt8942858,nm4114471
5245256,tt8943016,nm10095363
5245355,tt8943224,nm4583383
5245368,tt8943250,nm10095539
5245411,tt8943336,nm10095646
5245411,tt8943336,nm10095645
5245465,tt8943446,nm9770214
5245501,tt8943522,nm7344281
5245566,tt8943662,nm8779799
5246208,tt8944962,nm3142050
5246208,tt8944962,nm9987477
5246399,tt8945346,nm8792784
5246425,tt8945398,nm8792784
5246745,tt8946050,nm8007533
5246787,tt8946136,nm5965289
5246924,tt8946418,nm1802149
5247058,tt8946698,nm7956195
5247089,tt8946762,nm9269619
5247130,tt8946852,nm9527555
5247250,tt8947114,nm3810441
5247263,tt8947142,nm9931587
5247281,tt8947178,nm4848981
5247286,tt8947192,nm0375325
5247356,tt8947344,nm2527225
5247464,tt8947568,nm1144735
5247601,tt8947848,nm2075061
5247601,tt8947848,nm1351920
5247674,tt8948012,nm7602678
5247710,tt8948084,nm9974552
5247714,tt8948092,nm7602678
5247894,tt8948460,nm2742589
5247894,tt8948460,nm6458031
5248182,tt8949066,nm9576502
5248182,tt8949066,nm9576503
5248365,tt8949438,nm7887581
5248545,tt8949806,nm3942035
5249169,tt8951078,nm4079583
5249416,tt8951602,nm2272649
5249519,tt8951814,nm2357530
5249577,tt8951930,nm3728302
5249750,tt8952290,nm10099569
5249997,tt8952798,nm4079583
5250472,tt8953768,nm0533370
5250604,tt8954044,nm1746537
5250849,tt8954562,nm8725854
5251036,tt8954954,nm0297491
5251036,tt8954954,nm2915098
5251054,tt8954990,nm9028410
5251105,tt8955104,nm2441903
5251124,tt8955144,nm1019752
5251152,tt8955204,nm3848262
5251174,tt8955250,nm9087458
5251174,tt8955250,nm6837600
5251174,tt8955250,nm10100912
5251178,tt8955258,nm9473630
5251287,tt8955480,nm4418895
5251327,tt8955562,nm7956195
5251367,tt8955646,nm6915658
5251396,tt8955708,nm4631348
5251502,tt8955940,nm2817470
5251678,tt8956324,nm4602143
5251678,tt8956324,nm4841066
5251678,tt8956324,nm6104931
5251714,tt8956398,nm7402503
5251716,tt8956402,nm7956195
5251733,tt8956438,nm4514773
5251772,tt8956518,nm7956195
5251808,tt8956594,nm7956195
5251906,tt8956804,nm7956195
5251922,tt8956836,nm1684369
5251937,tt8956872,nm2689344
5251937,tt8956872,nm0535237
5251946,tt8956892,nm7956195
5251950,tt8956900,nm10101606
5251988,tt8956980,nm7956195
5251993,tt8956992,nm4562115
5252008,tt8957022,nm10099070
5252008,tt8957022,nm10099067
5252241,tt8957512,nm7531061
5252363,tt8957758,nm4017240
5252901,tt8958844,nm10102243
5252918,tt8958878,nm9820852
5252977,tt8958996,nm9444477
5253328,tt8959702,nm2950302
5253349,tt8959744,nm6489340
5253381,tt8959820,nm5366274
5253397,tt8959852,nm8891920
5253527,tt8960138,nm5406788
5253553,tt8960192,nm7216262
5253570,tt8960230,nm3825803
5253589,tt8960272,nm6074158
5253644,tt8960382,nm2379696
5253736,tt8960572,nm3872759
5253736,tt8960572,nm2099237
5254217,tt8961590,nm8486371
5254247,tt8961650,nm10103582
5254293,tt8961752,nm1065260
5254311,tt8961792,nm8486371
5254325,tt8961824,nm8486371
5254388,tt8961952,nm1265904
5254470,tt8962130,nm4679776
5254470,tt8962130,nm4873492
5254573,tt8962346,nm3509137
5254669,tt8962546,nm0008443
5254852,tt8962952,nm10104477
5254852,tt8962952,nm2189963
5255200,tt8963708,nm2172605
5255279,tt8963880,nm10105147
5263289,tt8980602,nm2530291
5265844,tt8985980,nm9688435
5265844,tt8985980,nm10115576
5265928,tt8986158,nm10115576
5266029,tt8986374,nm9688435
5266029,tt8986374,nm10115576
5268390,tt8991356,nm10116562
5277147,tt9009626,nm3039935
5280203,tt9016040,nm10136441
5280203,tt9016040,nm10130646
5281949,tt9019656,nm9293205
5282126,tt9020072,nm9733128
5282144,tt9020108,nm9104545
5282249,tt9020340,nm10132476
5282318,tt9020484,nm9187516
5282318,tt9020484,nm8233606
5282318,tt9020484,nm9202869
5282416,tt9020700,nm6795757
5282422,tt9020712,nm6795757
5282423,tt9020714,nm6795757
5282424,tt9020716,nm6795757
5282427,tt9020722,nm6795757
5282427,tt9020722,nm5925857
5282453,tt9020782,nm6795757
5282453,tt9020782,nm5925857
5282453,tt9020782,nm6795758
5282672,tt9021242,nm4428274
5282672,tt9021242,nm3446973
5282704,tt9021310,nm7420809
5282726,tt9021354,nm10027842
5282726,tt9021354,nm1924938
5282796,tt9021498,nm6629506
5283125,tt9022162,nm7401073
5283309,tt9022546,nm5577555
5283327,tt9022584,nm1470751
5283585,tt9023122,nm6755034
5283585,tt9023122,nm6693564
5283657,tt9023276,nm2699235
5283860,tt9023710,nm9828112
5283860,tt9023710,nm9160846
5283872,tt9023734,nm8812992
5283920,tt9023846,nm8812992
5283944,tt9023894,nm6811033
5283996,tt9024004,nm10134523
5284040,tt9024096,nm2548666
5284045,tt9024106,nm0813301
5284191,tt9024436,nm2792617
5284203,tt9024460,nm10132901
5284262,tt9024588,nm10134749
5284288,tt9024646,nm10134824
5284525,tt9025144,nm3931987
5284533,tt9025162,nm0194540
5284533,tt9025162,nm7243274
5284629,tt9025362,nm10132901
5284679,tt9025472,nm10132901
5284795,tt9025718,nm4793010
5285195,tt9026524,nm3976308
5285316,tt9026772,nm5136201
5285775,tt9027738,nm1897610
5286001,tt9028218,nm1735344
5286001,tt9028218,nm0580795
5286052,tt9028324,nm8788884
5286052,tt9028324,nm10076305
5286068,tt9028356,nm8098243
5286107,tt9028434,nm9638816
5286107,tt9028434,nm5899205
5286107,tt9028434,nm5061266
5286107,tt9028434,nm9971867
5286143,tt9028510,nm7869260
5286149,tt9028522,nm6150059
5286214,tt9028662,nm4800556
5286304,tt9028850,nm1940873
5286304,tt9028850,nm1938292
5286603,tt9029478,nm9345164
5286650,tt9029572,nm5029684
5286919,tt9030128,nm6452374
5286919,tt9030128,nm7960179
5286919,tt9030128,nm9697435
5286998,tt9030296,nm7066820
5287025,tt9030350,nm8408518
5287034,tt9030370,nm1096531
5287075,tt9030454,nm6076056
5287356,tt9031048,nm5627015
5287487,tt9031338,nm3129251
5287487,tt9031338,nm9149505
5287499,tt9031362,nm6441027
5287603,tt9031580,nm10137931
5287953,tt9032326,nm10138432
5287989,tt9032408,nm10138535
5287990,tt9032410,nm5209271
5288020,tt9032472,nm4836119
5288020,tt9032472,nm3249291
5288240,tt9032962,nm9243023
5288406,tt9033304,nm5047164
5288532,tt9033574,nm10139484
5288874,tt9034290,nm9619158
5289059,tt9034688,nm10159778
5289098,tt9034770,nm3417235
5289550,tt9035736,nm5344646
5289611,tt9035872,nm0394162
5289615,tt9035882,nm4858163
5289635,tt9035924,nm10141083
5289725,tt9036116,nm10141088
5289725,tt9036116,nm7683614
5289725,tt9036116,nm10223491
5290062,tt9036826,nm5706214
5290076,tt9036854,nm10223491
5290078,tt9036858,nm10141088
5290082,tt9036866,nm10141088
5290083,tt9036868,nm7683614
5290087,tt9036876,nm10141088
5290089,tt9036882,nm10141088
5290218,tt9037188,nm3989644
5290265,tt9037284,nm9715747
5290324,tt9037404,nm2777927
5290443,tt9037650,nm3466085
5290462,tt9037688,nm5379662
5290470,tt9037708,nm3584447
5290496,tt9037762,nm9826749
5290496,tt9037762,nm9826751
5290640,tt9038072,nm7255085
5290645,tt9038082,nm8709458
5290645,tt9038082,nm4019995
5290745,tt9038290,nm4302662
5290752,tt9038304,nm9577360
5290752,tt9038304,nm1350765
5290899,tt9038604,nm6239750
5290920,tt9038648,nm7751067
5290932,tt9038674,nm10143154
5290934,tt9038678,nm0349189
5290935,tt9038680,nm1073715
5291020,tt9038854,nm8359897
5291122,tt9039066,nm6274721
5291228,tt9039292,nm1679056
5291275,tt9039390,nm10140041
5291286,tt9039414,nm5628614
5291319,tt9039482,nm9723192
5291627,tt9040948,nm10120684
5291701,tt9041212,nm6385596
5291750,tt9041330,nm9988703
5291750,tt9041330,nm0643135
5291869,tt9041616,nm7865460
5291937,tt9041792,nm9711708
5291972,tt9041882,nm1591928
5292015,tt9041984,nm8998509
5292015,tt9041984,nm7317023
5292017,tt9041996,nm8998509
5292017,tt9041996,nm7317023
5292104,tt9042192,nm4657537
5292104,tt9042192,nm0531231
5292205,tt9042410,nm5486042
5292525,tt9043124,nm8444211
5292989,tt9044134,nm8173562
5298178,tt9055374,nm1014884
5299049,tt9057244,nm3270780
5299500,tt9058210,nm9288045
5299718,tt9058666,nm3591512
5300368,tt9060004,nm7253009
5300368,tt9060004,nm10120678
5302811,tt9065172,nm4731208
5305774,tt9071368,nm1031161
5305850,tt9071526,nm9306063
5306238,tt9072352,nm4013000
5306238,tt9072352,nm2021376
5306255,tt9072400,nm3063047
5306262,tt9072416,nm2839012
5306287,tt9072468,nm0054672
5306348,tt9072596,nm8678190
5306358,tt9072616,nm10121178
5306358,tt9072616,nm7349347
5306437,tt9072780,nm6854161
5306445,tt9072798,nm9306063
5306451,tt9072810,nm9306063
5306454,tt9072816,nm10164996
5306469,tt9072846,nm10165025
5306573,tt9073068,nm10165012
5306575,tt9073072,nm2974671
5307547,tt9075128,nm10137983
5308695,tt9077580,nm4071337
5308695,tt9077580,nm10168308
5309956,tt9080240,nm6879857
5311451,tt9083358,nm4647213
5311477,tt9083412,nm4608879
5311539,tt9083542,nm4592295
5311539,tt9083542,nm7669027
5311539,tt9083542,nm10177973
5311539,tt9083542,nm10178025
5311539,tt9083542,nm8950511
5311715,tt9083902,nm4592295
5311715,tt9083902,nm8950511
5311715,tt9083902,nm10177973
5311718,tt9083908,nm4592295
5311718,tt9083908,nm7669027
5311718,tt9083908,nm10177973
5311723,tt9083918,nm4592295
5311723,tt9083918,nm10178025
5311733,tt9083938,nm4592295
5311733,tt9083938,nm7669027
5311752,tt9083978,nm10171487
5311835,tt9084156,nm4592295
5311835,tt9084156,nm10177973
5311848,tt9084184,nm8559871
5311859,tt9084206,nm4592295
5311859,tt9084206,nm7669027
5311859,tt9084206,nm10177973
5311885,tt9084258,nm4592295
5311885,tt9084258,nm7669027
5311885,tt9084258,nm10177973
5311888,tt9084264,nm4592295
5311888,tt9084264,nm7669027
5311888,tt9084264,nm10177973
5311896,tt9084280,nm4592295
5311896,tt9084280,nm7669027
5311896,tt9084280,nm10177973
5311906,tt9084300,nm4592295
5311906,tt9084300,nm7669027
5311906,tt9084300,nm10178025
5311996,tt9084484,nm8633745
5312075,tt9084644,nm8903682
5312075,tt9084644,nm10196284
5312260,tt9085028,nm10172038
5312758,tt9086084,nm10172438
5312772,tt9086112,nm1139821
5313104,tt9086786,nm8978371
5313166,tt9086910,nm0920530
5313237,tt9087054,nm10172777
5313237,tt9087054,nm10170020
5313241,tt9087062,nm10129745
5313855,tt9088350,nm10165005
5313872,tt9088386,nm5817525
5313940,tt9088532,nm10170731
5314112,tt9088882,nm9110144
5314112,tt9088882,nm9110145
5314145,tt9088954,nm3737271
5314145,tt9088954,nm4162211
5314361,tt9089396,nm10167437
5314411,tt9089510,nm9929791
5314433,tt9089556,nm6442681
5314506,tt9089716,nm9491396
5314515,tt9089738,nm2778160
5314724,tt9090170,nm1990779
5315181,tt9091120,nm7197077
5315181,tt9091120,nm3871628
5315846,tt9092484,nm5529868
5315846,tt9092484,nm6357656
5315897,tt9092594,nm6792764
5315965,tt9092734,nm9891758
5315965,tt9092734,nm9314910
5315993,tt9092792,nm8076726
5316036,tt9092888,nm8406967
5316099,tt9093018,nm7286565
5316135,tt9093094,nm1536080
5316135,tt9093094,nm1684219
5316142,tt9093108,nm1338138
5316142,tt9093108,nm6212302
5316142,tt9093108,nm2661879
5316155,tt9093134,nm8670943
5316159,tt9093142,nm8441945
5316186,tt9093200,nm2710782
5316186,tt9093200,nm3907977
5316203,tt9093234,nm2872180
5316228,tt9093286,nm8660578
5316245,tt9093320,nm8347810
5316322,tt9093478,nm10175583
5316334,tt9093502,nm7683614
5316334,tt9093502,nm7397707
5316497,tt9093838,nm10101606
5316570,tt9093996,nm10175802
5317123,tt9095144,nm10176176
5317210,tt9095330,nm10162525
5317308,tt9095526,nm5367831
5317308,tt9095526,nm5874173
5317308,tt9095526,nm5367786
5317530,tt9095976,nm1977474
5317539,tt9095994,nm8244974
5317615,tt9096148,nm8301352
5317646,tt9096210,nm4606848
5317947,tt9096824,nm8471844
5318017,tt9096966,nm6255610
5318040,tt9097014,nm10176584
5318040,tt9097014,nm10176585
5318110,tt9097156,nm8267843
5318284,tt9097522,nm10093227
5318286,tt9097526,nm9773105
5318320,tt9097596,nm10093227
5318332,tt9097620,nm10177132
5318332,tt9097620,nm6025089
5318332,tt9097620,nm0860791
5318416,tt9097792,nm9417037
5318718,tt9098432,nm8628407
5318782,tt9098562,nm1470260
5318782,tt9098562,nm1144811
5318852,tt9098708,nm9174020
5318957,tt9098930,nm10177901
5319020,tt9099064,nm10178017
5319313,tt9099674,nm10178296
5329201,tt9120264,nm10184960
5332844,tt9127820,nm10189881
5332844,tt9127820,nm10189880
5339321,tt9141454,nm5121079
5339818,tt9142466,nm5141883
5339818,tt9142466,nm5952936
5340176,tt9143200,nm8309351
5340932,tt9144838,nm1109893
5341043,tt9145072,nm3390778
5341066,tt9145120,nm8231006
5341071,tt9145132,nm10194520
5341090,tt9145174,nm5528759
5341091,tt9145176,nm7462942
5341095,tt9145184,nm4006712
5341118,tt9145234,nm10198593
5341189,tt9145378,nm4769173
5341238,tt9145478,nm3413175
5341238,tt9145478,nm2157069
5341459,tt9145948,nm9452814
5341510,tt9146062,nm3546475
5341510,tt9146062,nm3550511
5341628,tt9146318,nm3220274
5342065,tt9147204,nm3286005
5342188,tt9147456,nm10199477
5342646,tt9148388,nm0263422
5343051,tt9149230,nm2811195
5343089,tt9149310,nm2454413
5343156,tt9149474,nm7456516
5343259,tt9149690,nm3550972
5343306,tt9149786,nm0607454
5343331,tt9149840,nm8098402
5343381,tt9149946,nm5631648
5343381,tt9149946,nm10200457
5343393,tt9149970,nm0283454
5343428,tt9150046,nm0636157
5343567,tt9150342,nm2625448
5343720,tt9150678,nm2601788
5343861,tt9150970,nm10263034
5343907,tt9151064,nm8382931
5343980,tt9151230,nm2984444
5344046,tt9151364,nm10201399
5344054,tt9151382,nm1674495
5344054,tt9151382,nm0895752
5344065,tt9151404,nm10201417
5344973,tt9153270,nm0217648
5344973,tt9153270,nm9383819
5345541,tt9154478,nm2601788
5345543,tt9154482,nm2601788
5345547,tt9154490,nm2601788
5345550,tt9154496,nm2601788
5345552,tt9154500,nm2601788
5345554,tt9154504,nm2601788
5345555,tt9154506,nm2601788
5345563,tt9154522,nm2601788
5345565,tt9154526,nm2601788
5345581,tt9154558,nm6971065
5345581,tt9154558,nm5510317
5345736,tt9154884,nm8636589
5345786,tt9154986,nm9900009
5345819,tt9155058,nm1276897
5345859,tt9155142,nm1130592
5345898,tt9155228,nm4483602
5345986,tt9155418,nm1310060
5345994,tt9155434,nm10181454
5346393,tt9156262,nm2766261
5346393,tt9156262,nm5341567
5347084,tt9157656,nm0215194
5347163,tt9157822,nm2953147
5347448,tt9158410,nm10203678
5347585,tt9158698,nm1937718
5347734,tt9159012,nm8781286
5347772,tt9159092,nm5984971
5347780,tt9159110,nm3295135
5347834,tt9159220,nm3723661
5347836,tt9159224,nm10204565
5348099,tt9159774,nm9112084
5348230,tt9160050,nm6948642
5348230,tt9160050,nm10204964
5348232,tt9160054,nm4824577
5349443,tt9162524,nm10205613
5349509,tt9162666,nm3760920
5349564,tt9162784,nm5708840
5349784,tt9163246,nm3542919
5349923,tt9163532,nm7938891
5349951,tt9163598,nm7740631
5350094,tt9163908,nm10217009
5350408,tt9164564,nm9538925
5350513,tt9164788,nm1282415
5350513,tt9164788,nm2182068
5350745,tt9165302,nm1104336
5350821,tt9165458,nm4195915
5350926,tt9165676,nm3345707
5350926,tt9165676,nm10206980
5350970,tt9165768,nm3559955
5350973,tt9165774,nm3559955
5350975,tt9165778,nm3559955
5350976,tt9165780,nm3559955
5350979,tt9165786,nm3559955
5350989,tt9165806,nm10207036
5350998,tt9165824,nm0600872
5351043,tt9165914,nm5596851
5356843,tt9178244,nm1101678
5357589,tt9179864,nm6894080
5357638,tt9179974,nm10213960
5357638,tt9179974,nm3869717
5358616,tt9182024,nm0444981
5358616,tt9182024,nm3127735
5358787,tt9182386,nm3886808
5358793,tt9182400,nm3886808
5358798,tt9182410,nm10214613
5358929,tt9182686,nm7129981
5358945,tt9182720,nm0362393
5358950,tt9182730,nm2026743
5359020,tt9182880,nm10214767
5362310,tt9189796,nm10218208
5365614,tt9196724,nm6879857
5367789,tt9201198,nm8701998
5367997,tt9201634,nm2304743
5368039,tt9201720,nm9776962
5368064,tt9201772,nm5876851
5368206,tt9202076,nm6252684
5368210,tt9202090,nm10133964
5368302,tt9202280,nm5351343
5368302,tt9202280,nm6630349
5368344,tt9202376,nm10097880
5368471,tt9202638,nm2676491
5368495,tt9202694,nm10223256
5368961,tt9203694,nm5204253
5369534,tt9204892,nm10224708
5369534,tt9204892,nm10142373
5373193,tt9212538,nm1005870
5375726,tt9217776,nm4507171
5377860,tt9222188,nm8389259
5377977,tt9222438,nm8604671
5378027,tt9222546,nm6700373
5378187,tt9222890,nm8957000
5378210,tt9222936,nm2625448
5378335,tt9223204,nm9991655
5378388,tt9223314,nm10229770
5378570,tt9223690,nm6771089
5378628,tt9223810,nm9890418
5378628,tt9223810,nm8817967
5378657,tt9223870,nm10056664
5378657,tt9223870,nm1187871
5379231,tt9225052,nm5610233
5379236,tt9225064,nm10233724
5379351,tt9225312,nm4893913
5379561,tt9225762,nm7457619
5379585,tt9225812,nm2070541
5381026,tt9228790,nm10235328
5381193,tt9229144,nm5320920
5381745,tt9230266,nm4726776
5381956,tt9230734,nm3159511
5382104,tt9231060,nm5914061
5382315,tt9231494,nm9637953
5382475,tt9231820,nm5654222
5382908,tt9232734,nm8564127
5383234,tt9233428,nm10237408
5383321,tt9233612,nm8025008
5383346,tt9233664,nm4629397
5383353,tt9233678,nm10211025
5383373,tt9233720,nm5480104
5383580,tt9234170,nm8860978
5383783,tt9234584,nm1665940
5383783,tt9234584,nm9894722
5383823,tt9234674,nm6789910
5383877,tt9234786,nm2452431
5384000,tt9235038,nm0159318
5385323,tt9237746,nm3389547
5385393,tt9237902,nm10159587
5385416,tt9237948,nm7395551
5385416,tt9237948,nm2931203
5385417,tt9237950,nm9247396
5385417,tt9237950,nm9247927
5385433,tt9237982,nm10209756
5385475,tt9238070,nm9921365
5385480,tt9238082,nm4702514
5385510,tt9238150,nm9392256
5385616,tt9238382,nm10239809
5385621,tt9238392,nm2149938
5385670,tt9238508,nm9921365
5385676,tt9238522,nm9921365
5385682,tt9238536,nm9921365
5385698,tt9238568,nm9921365
5385701,tt9238574,nm9921365
5385714,tt9238600,nm9921365
5385719,tt9238612,nm9921365
5385721,tt9238616,nm9921365
5385730,tt9238634,nm9921365
5385735,tt9238646,nm9921365
5385736,tt9238648,nm9921365
5385976,tt9239148,nm10223034
5386116,tt9239446,nm7536892
5386116,tt9239446,nm5449976
5386129,tt9239472,nm1326535
5386137,tt9239492,nm8630022
5386166,tt9239552,nm9198462
5386172,tt9239564,nm6451275
5386188,tt9239598,nm6767815
5386272,tt9239772,nm10262732
5386272,tt9239772,nm10262742
5386381,tt9239996,nm1922800
5386421,tt9240082,nm2485111
5386439,tt9240118,nm1625218
5386445,tt9240130,nm5101559
5386454,tt9240148,nm2071918
5387524,tt9242328,nm7962406
5387584,tt9242458,nm1922800
5387743,tt9242804,nm4176494
5387814,tt9242958,nm10025164
5387848,tt9243028,nm10241590
5388001,tt9243352,nm5825807
5388007,tt9243366,nm4219583
5388049,tt9243454,nm6141218
5388050,tt9243456,nm8724341
5388164,tt9243704,nm3896430
5388258,tt9243910,nm10242294
5388264,tt9243922,nm9045233
5388349,tt9244098,nm4830175
5388464,tt9244334,nm8920191
5388464,tt9244334,nm8920190
5388552,tt9244530,nm5152674
5388552,tt9244530,nm10242654
5388567,tt9244560,nm3658851
5388641,tt9244710,nm6396206
5388679,tt9244792,nm2502776
5388706,tt9244852,nm2147605
5388728,tt9244898,nm8578841
5388728,tt9244898,nm8582767
5389489,tt9246446,nm10209756
5389527,tt9246522,nm10242654
5389527,tt9246522,nm5152674
5389535,tt9246538,nm10242654
5389535,tt9246538,nm5152674
5389542,tt9246552,nm10242654
5389542,tt9246552,nm5152674
5389552,tt9246572,nm10242654
5389552,tt9246572,nm5152674
5389559,tt9246586,nm10242654
5389559,tt9246586,nm5152674
5389561,tt9246590,nm10242654
5389561,tt9246590,nm5152674
5389572,tt9246616,nm10242654
5389572,tt9246616,nm5152674
5389580,tt9246632,nm10242654
5389580,tt9246632,nm5152674
5389589,tt9246650,nm10242654
5389589,tt9246650,nm5152674
5389594,tt9246660,nm10242654
5389594,tt9246660,nm5152674
5389684,tt9246844,nm10231936
5389734,tt9246944,nm3512651
5389758,tt9246994,nm9934679
5389758,tt9246994,nm6642670
5389758,tt9246994,nm9667269
5389840,tt9247166,nm7273291
5389930,tt9247356,nm10159263
5389930,tt9247356,nm10159262
5390065,tt9247642,nm9100146
5390171,tt9247862,nm1641317
5390177,tt9247876,nm9310652
5390250,tt9248050,nm9586927
5390296,tt9248148,nm5216729
5390302,tt9248162,nm6895207
5390309,tt9248178,nm5216729
5390356,tt9248284,nm7165358
5390380,tt9248340,nm2899843
5390424,tt9248432,nm6794505
5390449,tt9248486,nm8953783
5390454,tt9248496,nm5593735
5390471,tt9248534,nm6895207
5390477,tt9248548,nm10244574
5390509,tt9248616,nm6810839
5390509,tt9248616,nm8816640
5390613,tt9248838,nm0260980
5390613,tt9248838,nm0530344
5390636,tt9248888,nm1549343
5390647,tt9248912,nm3651120
5390647,tt9248912,nm8975738
5390706,tt9249036,nm9625947
5390743,tt9249116,nm8953783
5390766,tt9249166,nm6260210
5390766,tt9249166,nm6008201
5390837,tt9249310,nm2122647
5390837,tt9249310,nm6038520
5391118,tt9249886,nm2606328
5391250,tt9250174,nm9855918
5391714,tt9251118,nm9788259
5391767,tt9251226,nm10256759
5392045,tt9251798,nm0696769
5392151,tt9252012,nm8785198
5392151,tt9252012,nm8785199
5392168,tt9252046,nm4068704
5392218,tt9252156,nm0534352
5392218,tt9252156,nm7186988
5392218,tt9252156,nm8542877
5392234,tt9252198,nm0452470
5392237,tt9252204,nm6662239
5392350,tt9252458,nm7012874
5392421,tt9252606,nm2029021
5392421,tt9252606,nm2030678
5392435,tt9252634,nm9797795
5392504,tt9252790,nm6808640
5392700,tt9253190,nm9496471
5392732,tt9253258,nm7843103
5392766,tt9253330,nm8375139
5392925,tt9253672,nm0559882
5392925,tt9253672,nm10122035
5392955,tt9253740,nm10247765
5393006,tt9253850,nm10247842
5393667,tt9255182,nm3809889
5394069,tt9256012,nm5719121
5394069,tt9256012,nm3550816
5394106,tt9256090,nm9126711
5394264,tt9256418,nm4130056
5394315,tt9256526,nm1838108
5394337,tt9256574,nm1483543
5394337,tt9256574,nm5528532
5394632,tt9257188,nm10249006
5394645,tt9257214,nm7145723
5394672,tt9257276,nm7049686
5394674,tt9257280,nm5786180
5394687,tt9257306,nm9391411
5394693,tt9257318,nm10249080
5394693,tt9257318,nm10249081
5394837,tt9257620,nm8078494
5394875,tt9257698,nm9953122
5394938,tt9257830,nm9584759
5394977,tt9257920,nm6682717
5394977,tt9257920,nm10248616
5395198,tt9258384,nm8873996
5395429,tt9258854,nm4739285
5395430,tt9258856,nm8940637
5396212,tt9260446,nm2424881
5398214,tt9264646,nm10252035
5398250,tt9264720,nm8964125
5398622,tt9265522,nm5626895
5398628,tt9265534,nm9496471
5399622,tt9267620,nm9114938
5400772,tt9269988,nm4557967
5401978,tt9272528,nm4739285
5403016,tt9274666,nm6321610
5403029,tt9274696,nm9671401
5404441,tt9277592,nm9497776
5406232,tt9281354,nm7704704
5407485,tt9283902,nm8269861
5407604,tt9284148,nm1591928
5410532,tt9290228,nm8943816
5413442,tt9296324,nm2069464
